,S-1,S-2,S-3,S-4,V
0,0.0,0.0,0.0,0.0,1.0
1,0.0,0.0,0.0,0.0,1.0
2,0.0,0.0,0.0,0.0,1.0
3,0.0,0.0,0.0,0.0,1.0
4,0.0,0.0,0.0,0.0,1.0
5,0.0,0.0,0.0,0.0,1.0
6,0.0,0.0,0.0,0.0,1.0
7,0.0,0.0,0.0,0.0,1.0
8,0.0,0.0,0.0,0.0,1.0
9,0.0,0.0,0.0,0.0,1.0
10,0.0,0.0,0.0,0.0,1.0
11,0.0,0.0,0.0,0.0,1.0
12,0.0,0.0,0.0,0.0,1.0
13,0.0,0.0,0.0,0.0,1.0
14,0.0,0.0,0.0,0.0,1.0
15,0.0,0.0,0.0,0.0,1.0
16,0.0,0.0,0.0,0.0,1.0
17,0.0,0.0,0.0,0.0,1.0
18,0.0,0.0,0.0,0.0,1.0
19,0.0,0.0,0.0,0.0,1.0
20,0.0,0.0,0.0,0.0,1.0
21,0.0,0.0,0.0,0.0,1.0
22,0.0,0.0,0.0,0.0,1.0
23,0.0,0.0,0.0,0.0,1.0
24,0.0,0.0,0.0,0.0,1.0
25,0.0,0.0,0.0,0.0,1.0
26,0.0,0.0,0.0,0.0,1.0
27,0.0,0.0,0.0,0.0,2.0
28,0.0,0.0,0.0,0.0,2.0
29,0.0,0.0,0.0,0.0,2.0
30,0.0,0.0,0.0,0.0,2.0
31,0.0,0.0,0.0,0.0,2.0
32,0.0,0.0,0.0,0.0,2.0
33,0.0,0.0,0.0,0.0,2.0
34,0.0,0.0,0.0,0.0,2.0
35,0.0,0.0,0.0,0.0,2.0
36,0.0,0.0,0.0,0.0,2.0
37,0.0,0.0,0.0,0.0,2.0
38,0.0,0.0,0.0,0.0,2.0
39,0.0,0.0,0.0,0.0,2.0
40,0.0,0.0,0.0,0.0,2.0
41,0.0,0.0,0.0,0.0,2.0
42,0.0,0.0,0.0,0.0,2.0
43,0.0,0.0,0.0,0.0,2.0
44,0.0,0.0,0.0,0.0,2.0
45,0.0,0.0,0.0,0.0,2.0
46,0.0,0.0,0.0,0.0,2.0
47,0.0,0.0,0.0,0.0,2.0
48,0.0,0.0,0.0,0.0,2.0
49,0.0,0.0,0.0,0.0,2.0
50,0.0,0.0,0.0,0.0,2.0
51,0.0,0.0,0.0,0.0,2.0
52,0.0,0.0,0.0,0.0,2.0
53,0.0,0.0,0.0,0.0,2.0
54,0.0,0.0,0.0,0.0,2.0
55,0.0,0.0,0.0,0.0,2.0
56,0.0,0.0,0.0,0.0,2.0
57,0.0,0.0,0.0,0.0,2.0
58,0.0,0.0,0.0,0.0,2.0
59,0.0,0.0,0.0,0.0,2.0
60,0.0,0.0,0.0,0.0,2.0
61,0.0,0.0,0.0,0.0,2.0
62,0.0,0.0,0.0,0.0,2.0
63,0.0,0.0,0.0,0.0,3.0
64,0.0,0.0,0.0,0.0,3.0
65,0.0,0.0,0.0,0.0,3.0
66,0.0,0.0,0.0,0.0,3.0
67,0.0,0.0,0.0,0.0,3.0
68,0.0,0.0,0.0,0.0,3.0
69,0.0,0.0,0.0,0.0,3.0
70,0.0,0.0,0.0,0.0,3.0
71,0.0,0.0,0.0,0.0,3.0
72,0.0,0.0,0.0,0.0,3.0
73,0.0,0.0,0.0,0.0,3.0
74,0.0,0.0,0.0,0.0,3.0
75,1.0,1.0,1.0,0.0,3.0
76,1.0,1.0,1.0,1.0,3.0
77,1.0,1.0,1.0,1.0,3.0
78,1.0,1.0,1.0,1.0,3.0
79,1.0,1.0,1.0,1.0,3.0
80,1.0,1.0,1.0,1.0,3.0
81,1.0,1.0,1.0,1.0,3.0
82,0.0,1.0,1.0,1.0,3.0
83,1.0,1.0,0.0,0.0,3.0
84,1.0,1.0,1.0,0.0,3.0
85,1.0,1.0,1.0,1.0,3.0
86,1.0,1.0,1.0,1.0,3.0
87,1.0,1.0,1.0,1.0,3.0
88,1.0,1.0,1.0,1.0,3.0
89,1.0,1.0,1.0,1.0,3.0
90,1.0,1.0,1.0,1.0,3.0
91,1.0,1.0,1.0,1.0,3.0
92,1.0,1.0,1.0,1.0,3.0
93,1.0,1.0,1.0,1.0,3.0
94,1.0,1.0,1.0,1.0,3.0
95,1.0,1.0,1.0,1.0,3.0
96,1.0,1.0,1.0,1.0,3.0
97,1.0,1.0,1.0,1.0,3.0
98,1.0,0.0,1.0,1.0,3.0
99,0.0,1.0,0.0,1.0,3.0
100,1.0,0.0,1.0,0.0,3.0
101,0.0,1.0,0.0,1.0,3.0
102,1.0,0.0,0.0,1.0,3.0
103,1.0,1.0,0.0,0.0,3.0
104,1.0,1.0,1.0,0.0,3.0
105,1.0,1.0,1.0,1.0,3.0
106,1.0,1.0,1.0,1.0,3.0
107,1.0,1.0,1.0,1.0,3.0
108,0.0,1.0,1.0,1.0,3.0
109,1.0,0.0,1.0,1.0,3.0
110,0.0,1.0,0.0,1.0,3.0
111,1.0,1.0,1.0,1.0,3.0
112,1.0,1.0,1.0,1.0,3.0
113,0.0,0.0,1.0,1.0,3.0
114,0.0,0.0,0.0,1.0,3.0
115,0.0,0.0,0.0,0.0,3.0
116,1.0,0.0,0.0,0.0,3.0
117,1.0,2.0,1.0,1.0,4.0
118,1.0,1.0,2.0,1.0,4.0
119,2.0,1.0,1.0,2.0,4.0
120,2.0,2.0,1.0,1.0,4.0
121,2.0,2.0,2.0,1.0,4.0
122,2.0,2.0,2.0,2.0,4.0
123,2.0,2.0,2.0,2.0,4.0
124,2.0,2.0,2.0,2.0,4.0
125,2.0,2.0,2.0,2.0,4.0
126,2.0,2.0,2.0,2.0,4.0
127,2.0,2.0,2.0,2.0,4.0
128,2.0,2.0,2.0,2.0,4.0
129,2.0,2.0,2.0,2.0,4.0
130,2.0,2.0,2.0,2.0,4.0
131,2.0,2.0,2.0,2.0,4.0
132,2.0,2.0,2.0,2.0,4.0
133,2.0,2.0,2.0,2.0,4.0
134,2.0,2.0,2.0,2.0,4.0
135,2.0,2.0,2.0,2.0,4.0
136,2.0,2.0,2.0,2.0,4.0
137,2.0,2.0,2.0,2.0,4.0
138,2.0,2.0,2.0,2.0,4.0
139,2.0,2.0,2.0,2.0,4.0
140,2.0,2.0,2.0,2.0,4.0
141,2.0,2.0,2.0,2.0,4.0
142,2.0,2.0,2.0,2.0,4.0
143,2.0,2.0,2.0,2.0,4.0
144,2.0,2.0,2.0,2.0,4.0
145,2.0,2.0,2.0,2.0,4.0
146,2.0,2.0,2.0,2.0,4.0
147,2.0,2.0,2.0,2.0,4.0
148,2.0,2.0,2.0,2.0,4.0
149,2.0,2.0,2.0,2.0,4.0
150,2.0,2.0,2.0,2.0,4.0
151,2.0,2.0,2.0,2.0,4.0
152,2.0,2.0,2.0,2.0,4.0
153,2.0,2.0,2.0,2.0,4.0
154,2.0,2.0,2.0,2.0,4.0
155,2.0,2.0,2.0,2.0,4.0
156,2.0,2.0,2.0,2.0,4.0
157,2.0,2.0,2.0,2.0,4.0
158,2.0,2.0,2.0,2.0,4.0
159,2.0,2.0,2.0,2.0,4.0
160,2.0,2.0,2.0,2.0,4.0
161,2.0,2.0,2.0,2.0,4.0
162,2.0,2.0,2.0,2.0,4.0
163,2.0,2.0,2.0,2.0,4.0
164,2.0,2.0,2.0,2.0,4.0
165,2.0,2.0,2.0,2.0,4.0
166,2.0,2.0,2.0,2.0,4.0
167,2.0,2.0,2.0,2.0,4.0
168,2.0,2.0,2.0,2.0,4.0
169,2.0,2.0,2.0,2.0,4.0
170,2.0,2.0,2.0,2.0,4.0
171,2.0,2.0,2.0,2.0,4.0
172,2.0,2.0,2.0,2.0,4.0
173,2.0,2.0,2.0,2.0,4.0
174,2.0,2.0,2.0,2.0,4.0
175,2.0,2.0,2.0,2.0,4.0
176,2.0,2.0,2.0,2.0,4.0
177,2.0,2.0,2.0,2.0,4.0
178,2.0,2.0,2.0,2.0,4.0
179,2.0,2.0,2.0,2.0,4.0
180,2.0,2.0,2.0,2.0,4.0
181,2.0,2.0,2.0,2.0,4.0
182,2.0,2.0,2.0,2.0,4.0
183,2.0,2.0,2.0,2.0,4.0
184,2.0,2.0,2.0,2.0,4.0
185,2.0,2.0,2.0,2.0,4.0
186,2.0,2.0,2.0,2.0,4.0
187,2.0,2.0,2.0,2.0,4.0
188,2.0,2.0,2.0,2.0,4.0
189,2.0,2.0,2.0,2.0,4.0
190,2.0,2.0,2.0,2.0,4.0
191,2.0,2.0,2.0,2.0,4.0
192,2.0,2.0,2.0,2.0,4.0
193,2.0,2.0,2.0,2.0,4.0
194,2.0,2.0,2.0,2.0,4.0
195,2.0,2.0,2.0,2.0,4.0
196,2.0,2.0,2.0,2.0,4.0
197,2.0,2.0,2.0,2.0,4.0
198,2.0,2.0,2.0,2.0,4.0
199,2.0,2.0,2.0,2.0,4.0
200,2.0,2.0,2.0,2.0,4.0
201,2.0,2.0,2.0,2.0,4.0
202,1.0,1.0,1.0,1.0,4.0
203,1.0,1.0,1.0,1.0,4.0
204,1.0,1.0,1.0,1.0,4.0
205,1.0,1.0,1.0,1.0,4.0
206,1.0,1.0,1.0,1.0,4.0
207,1.0,1.0,1.0,1.0,4.0
208,1.0,1.0,1.0,1.0,4.0
209,2.0,1.0,1.0,1.0,4.0
210,2.0,2.0,1.0,1.0,4.0
211,2.0,2.0,2.0,1.0,4.0
212,2.0,2.0,2.0,2.0,4.0
213,2.0,2.0,2.0,2.0,4.0
214,2.0,2.0,2.0,2.0,4.0
215,2.0,2.0,2.0,2.0,4.0
216,2.0,2.0,2.0,2.0,4.0
217,2.0,2.0,2.0,2.0,4.0
218,2.0,2.0,2.0,2.0,4.0
219,2.0,2.0,2.0,2.0,4.0
220,2.0,2.0,2.0,2.0,4.0
221,2.0,2.0,2.0,2.0,4.0
222,2.0,2.0,2.0,2.0,4.0
223,2.0,2.0,2.0,2.0,4.0
224,2.0,2.0,2.0,2.0,4.0
225,2.0,2.0,2.0,2.0,4.0
226,2.0,2.0,2.0,2.0,4.0
227,2.0,2.0,2.0,2.0,4.0
228,2.0,2.0,2.0,2.0,4.0
229,2.0,2.0,2.0,2.0,4.0
230,2.0,2.0,2.0,2.0,4.0
231,2.0,2.0,2.0,2.0,4.0
232,2.0,2.0,2.0,2.0,4.0
233,2.0,2.0,2.0,2.0,4.0
234,2.0,2.0,2.0,2.0,4.0
235,2.0,2.0,2.0,2.0,4.0
236,2.0,2.0,2.0,2.0,4.0
237,2.0,2.0,2.0,2.0,4.0
238,2.0,2.0,2.0,2.0,4.0
239,2.0,2.0,2.0,2.0,4.0
240,2.0,2.0,2.0,2.0,4.0
241,2.0,2.0,2.0,2.0,4.0
242,2.0,2.0,2.0,2.0,4.0
243,2.0,2.0,2.0,2.0,4.0
244,2.0,2.0,2.0,2.0,4.0
245,2.0,2.0,2.0,2.0,4.0
246,2.0,2.0,2.0,2.0,4.0
247,2.0,2.0,2.0,2.0,4.0
248,2.0,2.0,2.0,2.0,4.0
249,2.0,2.0,2.0,2.0,4.0
250,2.0,2.0,2.0,2.0,4.0
251,2.0,2.0,2.0,2.0,4.0
252,2.0,2.0,2.0,2.0,4.0
253,2.0,2.0,2.0,2.0,4.0
254,2.0,2.0,2.0,2.0,4.0
255,2.0,2.0,2.0,2.0,4.0
256,2.0,2.0,2.0,2.0,4.0
257,2.0,2.0,2.0,2.0,4.0
258,2.0,2.0,2.0,2.0,4.0
259,2.0,2.0,2.0,2.0,4.0
260,2.0,2.0,2.0,2.0,4.0
261,2.0,2.0,2.0,2.0,4.0
262,2.0,2.0,2.0,2.0,4.0
263,2.0,2.0,2.0,2.0,4.0
264,2.0,2.0,2.0,2.0,4.0
265,2.0,2.0,2.0,2.0,4.0
266,2.0,2.0,2.0,2.0,4.0
267,2.0,2.0,2.0,2.0,4.0
268,2.0,2.0,2.0,2.0,4.0
269,2.0,2.0,2.0,2.0,4.0
270,2.0,2.0,2.0,2.0,4.0
271,2.0,2.0,2.0,2.0,4.0
272,2.0,2.0,2.0,2.0,4.0
273,2.0,2.0,2.0,2.0,4.0
274,2.0,2.0,2.0,2.0,4.0
275,2.0,2.0,2.0,2.0,4.0
276,2.0,2.0,2.0,2.0,4.0
277,2.0,2.0,2.0,2.0,4.0
278,2.0,2.0,2.0,2.0,4.0
279,2.0,2.0,2.0,2.0,4.0
280,2.0,2.0,2.0,2.0,4.0
281,2.0,2.0,2.0,2.0,4.0
282,2.0,2.0,2.0,2.0,4.0
283,2.0,2.0,2.0,2.0,4.0
284,2.0,2.0,2.0,2.0,4.0
285,2.0,2.0,2.0,2.0,4.0
286,2.0,2.0,2.0,2.0,4.0
287,0.0,0.0,0.0,0.0,2.0
288,0.0,0.0,0.0,0.0,2.0
289,0.0,0.0,0.0,0.0,2.0
290,0.0,0.0,0.0,0.0,2.0
291,0.0,0.0,0.0,0.0,2.0
292,0.0,0.0,0.0,0.0,2.0
293,0.0,0.0,0.0,0.0,2.0
294,0.0,0.0,0.0,0.0,2.0
295,0.0,0.0,0.0,0.0,2.0
296,0.0,0.0,0.0,0.0,2.0
297,0.0,0.0,0.0,0.0,2.0
298,0.0,0.0,0.0,0.0,2.0
299,0.0,0.0,0.0,0.0,2.0
300,0.0,0.0,0.0,0.0,2.0
301,0.0,0.0,0.0,0.0,2.0
302,0.0,0.0,0.0,0.0,2.0
303,0.0,0.0,0.0,0.0,2.0
304,0.0,0.0,0.0,0.0,2.0
305,0.0,0.0,0.0,0.0,2.0
306,0.0,0.0,0.0,0.0,2.0
307,0.0,0.0,0.0,0.0,2.0
308,0.0,0.0,0.0,0.0,2.0
309,0.0,0.0,0.0,0.0,2.0
310,0.0,0.0,0.0,0.0,2.0
311,0.0,0.0,0.0,0.0,2.0
312,0.0,0.0,0.0,0.0,2.0
313,0.0,0.0,0.0,0.0,2.0
314,0.0,0.0,0.0,0.0,2.0
315,0.0,0.0,0.0,0.0,2.0
316,0.0,0.0,0.0,0.0,2.0
317,0.0,0.0,0.0,0.0,1.0
318,0.0,0.0,0.0,0.0,1.0
319,0.0,0.0,0.0,0.0,1.0
320,0.0,0.0,0.0,0.0,1.0
321,0.0,0.0,0.0,0.0,1.0
322,0.0,0.0,0.0,0.0,1.0
323,0.0,0.0,0.0,0.0,1.0
324,0.0,0.0,0.0,0.0,1.0
325,0.0,0.0,0.0,0.0,1.0
326,0.0,0.0,0.0,0.0,1.0
327,0.0,0.0,0.0,0.0,1.0
328,0.0,0.0,0.0,0.0,1.0
329,0.0,0.0,0.0,0.0,1.0
330,0.0,0.0,0.0,0.0,1.0
331,0.0,0.0,0.0,0.0,1.0
332,0.0,0.0,0.0,0.0,1.0
333,0.0,0.0,0.0,0.0,1.0
334,0.0,0.0,0.0,0.0,1.0
335,0.0,0.0,0.0,0.0,1.0
336,0.0,0.0,0.0,0.0,1.0
337,0.0,0.0,0.0,0.0,1.0
338,0.0,0.0,0.0,0.0,1.0
339,0.0,0.0,0.0,0.0,1.0
340,0.0,0.0,0.0,0.0,1.0
341,0.0,0.0,0.0,0.0,1.0
342,0.0,0.0,0.0,0.0,1.0
343,0.0,0.0,0.0,0.0,1.0
344,0.0,0.0,0.0,0.0,1.0
345,0.0,0.0,0.0,0.0,1.0
346,0.0,0.0,0.0,0.0,1.0
347,0.0,0.0,0.0,0.0,1.0
348,0.0,0.0,0.0,0.0,1.0
349,0.0,0.0,0.0,0.0,1.0
350,0.0,0.0,0.0,0.0,1.0
351,0.0,0.0,0.0,0.0,1.0
352,0.0,0.0,0.0,0.0,1.0
353,0.0,0.0,0.0,0.0,1.0
354,1.0,1.0,1.0,1.0,4.0
355,1.0,1.0,1.0,1.0,4.0
356,1.0,1.0,1.0,1.0,4.0
357,1.0,1.0,1.0,1.0,4.0
358,1.0,1.0,1.0,1.0,4.0
359,1.0,1.0,1.0,1.0,4.0
360,1.0,1.0,1.0,1.0,4.0
361,2.0,1.0,1.0,1.0,4.0
362,2.0,2.0,1.0,1.0,4.0
363,2.0,2.0,2.0,1.0,4.0
364,2.0,2.0,2.0,2.0,4.0
365,2.0,2.0,2.0,2.0,4.0
366,2.0,2.0,2.0,2.0,4.0
367,2.0,2.0,2.0,2.0,4.0
368,2.0,2.0,2.0,2.0,4.0
369,2.0,2.0,2.0,2.0,4.0
370,2.0,2.0,2.0,2.0,4.0
371,2.0,2.0,2.0,2.0,4.0
372,2.0,2.0,2.0,2.0,4.0
373,2.0,2.0,2.0,2.0,4.0
374,2.0,2.0,2.0,2.0,4.0
375,2.0,2.0,2.0,2.0,4.0
376,2.0,2.0,2.0,2.0,4.0
377,2.0,2.0,2.0,2.0,4.0
378,2.0,2.0,2.0,2.0,4.0
379,2.0,2.0,2.0,2.0,4.0
380,2.0,2.0,2.0,2.0,4.0
381,2.0,2.0,2.0,2.0,4.0
382,2.0,2.0,2.0,2.0,4.0
383,2.0,2.0,2.0,2.0,4.0
384,2.0,2.0,2.0,2.0,4.0
385,2.0,2.0,2.0,2.0,4.0
386,2.0,2.0,2.0,2.0,4.0
387,2.0,2.0,2.0,2.0,4.0
388,2.0,2.0,2.0,2.0,4.0
389,2.0,2.0,2.0,2.0,4.0
390,2.0,2.0,2.0,2.0,4.0
391,2.0,2.0,2.0,2.0,4.0
392,2.0,2.0,2.0,2.0,4.0
393,2.0,2.0,2.0,2.0,4.0
394,2.0,2.0,2.0,2.0,4.0
395,2.0,2.0,2.0,2.0,4.0
396,2.0,2.0,2.0,2.0,4.0
397,2.0,2.0,2.0,2.0,4.0
398,2.0,2.0,2.0,2.0,4.0
399,2.0,2.0,2.0,2.0,4.0
400,2.0,2.0,2.0,2.0,4.0
401,2.0,2.0,2.0,2.0,4.0
402,2.0,2.0,2.0,2.0,4.0
403,2.0,2.0,2.0,2.0,4.0
404,2.0,2.0,2.0,2.0,4.0
405,2.0,2.0,2.0,2.0,4.0
406,2.0,2.0,2.0,2.0,4.0
407,2.0,2.0,2.0,2.0,4.0
408,2.0,2.0,2.0,2.0,4.0
409,2.0,2.0,2.0,2.0,4.0
410,2.0,2.0,2.0,2.0,4.0
411,2.0,2.0,2.0,2.0,4.0
412,2.0,2.0,2.0,2.0,4.0
413,2.0,2.0,2.0,2.0,4.0
414,2.0,2.0,2.0,2.0,4.0
415,2.0,2.0,2.0,2.0,4.0
416,2.0,2.0,2.0,2.0,4.0
417,2.0,2.0,2.0,2.0,4.0
418,2.0,2.0,2.0,2.0,4.0
419,2.0,2.0,2.0,2.0,4.0
420,2.0,2.0,2.0,2.0,4.0
421,2.0,2.0,2.0,2.0,4.0
422,2.0,2.0,2.0,2.0,4.0
423,2.0,2.0,2.0,2.0,4.0
424,2.0,2.0,2.0,2.0,4.0
425,2.0,2.0,2.0,2.0,4.0
426,2.0,2.0,2.0,2.0,4.0
427,2.0,2.0,2.0,2.0,4.0
428,2.0,2.0,2.0,2.0,4.0
429,2.0,2.0,2.0,2.0,4.0
430,2.0,2.0,2.0,2.0,4.0
431,2.0,2.0,2.0,2.0,4.0
432,2.0,2.0,2.0,2.0,4.0
433,2.0,2.0,2.0,2.0,4.0
434,2.0,2.0,2.0,2.0,4.0
435,2.0,2.0,2.0,2.0,4.0
436,2.0,2.0,2.0,2.0,4.0
437,2.0,2.0,2.0,2.0,4.0
438,2.0,2.0,2.0,2.0,4.0
439,0.0,0.0,0.0,0.0,3.0
440,0.0,0.0,0.0,0.0,3.0
441,0.0,0.0,0.0,0.0,3.0
442,0.0,0.0,0.0,0.0,3.0
443,0.0,0.0,0.0,0.0,3.0
444,0.0,0.0,0.0,0.0,3.0
445,0.0,0.0,0.0,0.0,3.0
446,0.0,0.0,0.0,0.0,3.0
447,1.0,0.0,0.0,0.0,3.0
448,0.0,0.0,1.0,0.0,3.0
449,0.0,0.0,0.0,1.0,3.0
450,0.0,0.0,0.0,0.0,3.0
451,0.0,0.0,0.0,0.0,3.0
452,0.0,0.0,0.0,0.0,3.0
453,0.0,0.0,0.0,0.0,3.0
454,0.0,0.0,0.0,0.0,3.0
455,1.0,1.0,1.0,0.0,3.0
456,1.0,1.0,1.0,1.0,3.0
457,1.0,1.0,1.0,1.0,3.0
458,1.0,1.0,1.0,1.0,3.0
459,1.0,1.0,1.0,1.0,3.0
460,1.0,1.0,1.0,1.0,3.0
461,1.0,1.0,1.0,1.0,3.0
462,1.0,1.0,1.0,1.0,3.0
463,1.0,1.0,1.0,1.0,3.0
464,1.0,1.0,1.0,1.0,3.0
465,1.0,1.0,1.0,1.0,3.0
466,1.0,1.0,1.0,1.0,3.0
467,1.0,1.0,1.0,1.0,3.0
468,1.0,1.0,1.0,1.0,3.0
469,1.0,1.0,1.0,1.0,3.0
470,1.0,1.0,1.0,1.0,3.0
471,1.0,1.0,1.0,1.0,3.0
472,1.0,1.0,1.0,1.0,3.0
473,1.0,1.0,1.0,1.0,3.0
474,1.0,1.0,1.0,1.0,3.0
475,1.0,1.0,1.0,1.0,3.0
476,1.0,1.0,0.0,1.0,3.0
477,1.0,1.0,1.0,1.0,3.0
478,1.0,1.0,1.0,1.0,3.0
479,1.0,1.0,1.0,1.0,3.0
480,1.0,1.0,1.0,1.0,3.0
481,0.0,1.0,1.0,1.0,3.0
482,0.0,0.0,1.0,1.0,3.0
483,0.0,0.0,0.0,1.0,3.0
484,0.0,0.0,0.0,0.0,3.0
485,0.0,0.0,0.0,0.0,3.0
486,1.0,1.0,0.0,0.0,3.0
487,1.0,1.0,1.0,1.0,3.0
488,1.0,1.0,1.0,1.0,3.0
489,1.0,1.0,1.0,1.0,3.0
490,1.0,0.0,1.0,1.0,3.0
491,1.0,0.0,1.0,0.0,3.0
492,1.0,1.0,0.0,1.0,3.0
493,1.0,1.0,1.0,0.0,3.0
494,0.0,0.0,0.0,0.0,1.0
495,0.0,0.0,0.0,0.0,1.0
496,0.0,0.0,0.0,0.0,1.0
497,0.0,0.0,0.0,0.0,1.0
498,0.0,0.0,0.0,0.0,1.0
499,0.0,0.0,0.0,0.0,1.0
500,0.0,0.0,0.0,0.0,1.0
501,0.0,0.0,0.0,0.0,1.0
502,0.0,0.0,0.0,0.0,1.0
503,0.0,0.0,0.0,0.0,1.0
504,0.0,0.0,0.0,0.0,1.0
505,0.0,0.0,0.0,0.0,1.0
506,0.0,0.0,0.0,0.0,1.0
507,0.0,0.0,0.0,0.0,1.0
508,0.0,0.0,0.0,0.0,1.0
509,0.0,0.0,0.0,0.0,1.0
510,0.0,0.0,0.0,0.0,1.0
511,0.0,0.0,0.0,0.0,1.0
512,0.0,0.0,0.0,0.0,1.0
513,0.0,0.0,0.0,0.0,1.0
514,0.0,0.0,0.0,0.0,1.0
515,0.0,0.0,0.0,0.0,1.0
516,0.0,0.0,0.0,0.0,1.0
517,0.0,0.0,0.0,0.0,1.0
518,0.0,0.0,0.0,0.0,1.0
519,0.0,0.0,0.0,0.0,3.0
520,0.0,0.0,0.0,0.0,3.0
521,0.0,0.0,0.0,0.0,3.0
522,0.0,0.0,0.0,0.0,3.0
523,0.0,0.0,0.0,0.0,3.0
524,0.0,0.0,0.0,0.0,3.0
525,0.0,0.0,0.0,0.0,3.0
526,1.0,0.0,0.0,0.0,3.0
527,1.0,1.0,0.0,0.0,3.0
528,1.0,1.0,1.0,0.0,3.0
529,1.0,1.0,1.0,1.0,3.0
530,1.0,1.0,1.0,1.0,3.0
531,1.0,1.0,1.0,1.0,3.0
532,1.0,1.0,1.0,1.0,3.0
533,1.0,1.0,1.0,1.0,3.0
534,1.0,1.0,1.0,1.0,3.0
535,1.0,1.0,1.0,1.0,3.0
536,0.0,0.0,1.0,1.0,3.0
537,0.0,0.0,0.0,1.0,3.0
538,1.0,1.0,0.0,0.0,3.0
539,1.0,1.0,1.0,1.0,3.0
540,1.0,1.0,1.0,1.0,3.0
541,1.0,1.0,1.0,1.0,3.0
542,1.0,1.0,1.0,1.0,3.0
543,1.0,1.0,1.0,1.0,3.0
544,1.0,1.0,1.0,1.0,3.0
545,1.0,1.0,1.0,1.0,3.0
546,1.0,1.0,1.0,1.0,3.0
547,1.0,1.0,1.0,1.0,3.0
548,1.0,1.0,1.0,1.0,3.0
549,1.0,1.0,1.0,1.0,3.0
550,1.0,1.0,1.0,1.0,3.0
551,1.0,1.0,1.0,1.0,3.0
552,1.0,1.0,1.0,1.0,3.0
553,0.0,1.0,1.0,1.0,3.0
554,1.0,1.0,0.0,1.0,3.0
555,1.0,1.0,1.0,0.0,3.0
556,1.0,1.0,1.0,1.0,3.0
557,1.0,1.0,1.0,1.0,3.0
558,1.0,1.0,1.0,1.0,3.0
559,1.0,1.0,1.0,1.0,3.0
560,1.0,1.0,1.0,1.0,3.0
561,1.0,1.0,1.0,1.0,3.0
562,1.0,1.0,1.0,1.0,3.0
563,1.0,1.0,1.0,1.0,3.0
564,1.0,1.0,1.0,1.0,3.0
565,1.0,1.0,1.0,1.0,3.0
566,0.0,1.0,1.0,1.0,3.0
567,0.0,0.0,1.0,1.0,3.0
568,0.0,0.0,0.0,1.0,3.0
569,0.0,0.0,0.0,0.0,3.0
570,1.0,0.0,0.0,0.0,3.0
571,0.0,1.0,0.0,0.0,3.0
572,1.0,0.0,1.0,0.0,3.0
573,0.0,0.0,0.0,0.0,2.0
574,0.0,0.0,0.0,0.0,2.0
575,0.0,0.0,0.0,0.0,2.0
576,0.0,0.0,0.0,0.0,2.0
577,0.0,0.0,0.0,0.0,2.0
578,0.0,0.0,0.0,0.0,2.0
579,0.0,0.0,0.0,0.0,2.0
580,0.0,0.0,0.0,0.0,2.0
581,0.0,0.0,0.0,0.0,2.0
582,0.0,0.0,0.0,0.0,2.0
583,0.0,0.0,0.0,0.0,2.0
584,0.0,0.0,0.0,0.0,2.0
585,0.0,0.0,0.0,0.0,2.0
586,0.0,0.0,0.0,0.0,2.0
587,0.0,0.0,0.0,0.0,2.0
588,0.0,0.0,0.0,0.0,2.0
589,0.0,0.0,0.0,0.0,2.0
590,0.0,0.0,0.0,0.0,2.0
591,0.0,0.0,0.0,0.0,2.0
592,0.0,0.0,0.0,0.0,2.0
593,0.0,0.0,0.0,0.0,2.0
594,0.0,0.0,0.0,0.0,2.0
595,0.0,0.0,0.0,0.0,2.0
596,0.0,0.0,0.0,0.0,2.0
597,0.0,0.0,0.0,0.0,2.0
598,0.0,0.0,0.0,0.0,2.0
599,0.0,0.0,0.0,0.0,2.0
600,0.0,0.0,0.0,0.0,2.0
601,0.0,0.0,0.0,0.0,2.0
602,0.0,0.0,0.0,0.0,2.0
603,0.0,0.0,0.0,0.0,2.0
604,0.0,0.0,0.0,0.0,2.0
605,0.0,0.0,0.0,0.0,2.0
606,0.0,0.0,0.0,0.0,3.0
607,0.0,0.0,0.0,0.0,3.0
608,0.0,0.0,0.0,0.0,3.0
609,0.0,0.0,0.0,0.0,3.0
610,0.0,0.0,0.0,0.0,3.0
611,0.0,0.0,0.0,0.0,3.0
612,0.0,0.0,0.0,0.0,3.0
613,0.0,0.0,0.0,0.0,3.0
614,0.0,0.0,0.0,0.0,3.0
615,0.0,0.0,0.0,0.0,3.0
616,1.0,1.0,0.0,0.0,3.0
617,1.0,1.0,1.0,0.0,3.0
618,1.0,1.0,1.0,1.0,3.0
619,1.0,1.0,1.0,1.0,3.0
620,1.0,1.0,1.0,1.0,3.0
621,1.0,1.0,1.0,1.0,3.0
622,1.0,1.0,1.0,1.0,3.0
623,1.0,1.0,1.0,1.0,3.0
624,1.0,1.0,1.0,1.0,3.0
625,1.0,1.0,1.0,1.0,3.0
626,1.0,1.0,1.0,1.0,3.0
627,1.0,1.0,1.0,1.0,3.0
628,1.0,1.0,1.0,1.0,3.0
629,1.0,1.0,1.0,1.0,3.0
630,1.0,1.0,1.0,1.0,3.0
631,1.0,1.0,1.0,1.0,3.0
632,1.0,1.0,1.0,1.0,3.0
633,1.0,1.0,1.0,1.0,3.0
634,1.0,1.0,1.0,1.0,3.0
635,1.0,0.0,1.0,1.0,3.0
636,1.0,1.0,1.0,0.0,3.0
637,1.0,1.0,1.0,1.0,3.0
638,1.0,1.0,1.0,1.0,3.0
639,1.0,1.0,1.0,1.0,3.0
640,1.0,1.0,1.0,1.0,3.0
641,1.0,1.0,1.0,1.0,3.0
642,1.0,1.0,1.0,1.0,3.0
643,1.0,1.0,1.0,1.0,3.0
644,1.0,1.0,1.0,1.0,3.0
645,1.0,1.0,1.0,1.0,3.0
646,1.0,1.0,1.0,1.0,3.0
647,1.0,1.0,1.0,1.0,3.0
648,1.0,1.0,1.0,1.0,3.0
649,1.0,1.0,1.0,1.0,3.0
650,1.0,1.0,1.0,1.0,3.0
651,1.0,1.0,1.0,1.0,3.0
652,1.0,1.0,1.0,1.0,3.0
653,1.0,1.0,1.0,1.0,3.0
654,1.0,1.0,1.0,1.0,3.0
655,1.0,1.0,1.0,1.0,3.0
656,1.0,1.0,1.0,1.0,3.0
657,1.0,1.0,1.0,1.0,3.0
658,1.0,1.0,1.0,1.0,3.0
659,1.0,1.0,1.0,1.0,3.0
660,1.0,1.0,1.0,1.0,3.0
661,1.0,1.0,1.0,1.0,3.0
662,0.0,1.0,1.0,1.0,3.0
663,0.0,0.0,1.0,1.0,3.0
664,1.0,0.0,0.0,1.0,3.0
665,0.0,1.0,0.0,0.0,3.0
666,1.0,0.0,1.0,0.0,3.0
667,1.0,1.0,0.0,1.0,3.0
668,1.0,1.0,1.0,0.0,3.0
669,0.0,0.0,0.0,0.0,1.0
670,0.0,0.0,0.0,0.0,1.0
671,0.0,0.0,0.0,0.0,1.0
672,0.0,0.0,0.0,0.0,1.0
673,0.0,0.0,0.0,0.0,1.0
674,0.0,0.0,0.0,0.0,1.0
675,0.0,0.0,0.0,0.0,1.0
676,0.0,0.0,0.0,0.0,1.0
677,0.0,0.0,0.0,0.0,1.0
678,0.0,0.0,0.0,0.0,1.0
679,0.0,0.0,0.0,0.0,1.0
680,0.0,0.0,0.0,0.0,1.0
681,0.0,0.0,0.0,0.0,1.0
682,0.0,0.0,0.0,0.0,1.0
683,0.0,0.0,0.0,0.0,1.0
684,0.0,0.0,0.0,0.0,1.0
685,0.0,0.0,0.0,0.0,1.0
686,0.0,0.0,0.0,0.0,1.0
687,0.0,0.0,0.0,0.0,1.0
688,0.0,0.0,0.0,0.0,1.0
689,0.0,0.0,0.0,0.0,1.0
690,0.0,0.0,0.0,0.0,1.0
691,0.0,0.0,0.0,0.0,1.0
692,0.0,0.0,0.0,0.0,1.0
693,0.0,0.0,0.0,0.0,1.0
694,0.0,0.0,0.0,0.0,1.0
695,0.0,0.0,0.0,0.0,1.0
696,0.0,0.0,0.0,0.0,1.0
697,0.0,0.0,0.0,0.0,1.0
698,0.0,0.0,0.0,0.0,1.0
699,0.0,0.0,0.0,0.0,1.0
700,0.0,0.0,0.0,0.0,1.0
701,0.0,0.0,0.0,0.0,1.0
702,0.0,0.0,0.0,0.0,1.0
703,0.0,0.0,0.0,0.0,1.0
704,0.0,0.0,0.0,0.0,1.0
705,0.0,0.0,0.0,0.0,1.0
706,0.0,0.0,0.0,0.0,1.0
707,0.0,0.0,0.0,0.0,1.0
708,0.0,0.0,0.0,0.0,1.0
709,0.0,0.0,0.0,0.0,1.0
710,0.0,0.0,0.0,0.0,1.0
711,0.0,0.0,0.0,0.0,1.0
712,0.0,0.0,0.0,0.0,1.0
713,0.0,0.0,0.0,0.0,1.0
714,0.0,0.0,0.0,0.0,1.0
715,0.0,0.0,0.0,0.0,1.0
716,0.0,0.0,0.0,0.0,1.0
717,0.0,0.0,0.0,0.0,1.0
718,0.0,0.0,0.0,0.0,1.0
719,0.0,0.0,0.0,0.0,1.0
720,1.0,1.0,1.0,1.0,4.0
721,1.0,1.0,1.0,1.0,4.0
722,1.0,1.0,1.0,1.0,4.0
723,1.0,1.0,1.0,1.0,4.0
724,1.0,1.0,1.0,1.0,4.0
725,1.0,1.0,1.0,1.0,4.0
726,1.0,1.0,1.0,1.0,4.0
727,1.0,1.0,1.0,1.0,4.0
728,1.0,1.0,1.0,1.0,4.0
729,1.0,1.0,1.0,1.0,4.0
730,1.0,1.0,1.0,1.0,4.0
731,1.0,1.0,1.0,1.0,4.0
732,1.0,1.0,1.0,1.0,4.0
733,1.0,1.0,1.0,1.0,4.0
734,1.0,1.0,1.0,1.0,4.0
735,1.0,1.0,1.0,1.0,4.0
736,1.0,1.0,1.0,1.0,4.0
737,1.0,1.0,1.0,1.0,4.0
738,1.0,1.0,1.0,1.0,4.0
739,1.0,1.0,1.0,1.0,4.0
740,1.0,1.0,1.0,1.0,4.0
741,1.0,1.0,1.0,1.0,4.0
742,1.0,1.0,1.0,1.0,4.0
743,1.0,1.0,1.0,1.0,4.0
744,1.0,1.0,1.0,1.0,4.0
745,1.0,1.0,1.0,1.0,4.0
746,1.0,1.0,1.0,1.0,4.0
747,1.0,1.0,1.0,1.0,4.0
748,1.0,1.0,1.0,1.0,4.0
749,1.0,1.0,1.0,1.0,4.0
750,1.0,1.0,1.0,1.0,4.0
751,1.0,1.0,1.0,1.0,4.0
752,1.0,1.0,1.0,1.0,4.0
753,1.0,1.0,1.0,1.0,4.0
754,2.0,1.0,1.0,1.0,4.0
755,1.0,1.0,1.0,2.0,4.0
756,1.0,1.0,1.0,1.0,4.0
757,1.0,1.0,1.0,1.0,4.0
758,1.0,1.0,1.0,1.0,4.0
759,1.0,1.0,1.0,1.0,4.0
760,1.0,1.0,1.0,1.0,4.0
761,1.0,1.0,1.0,1.0,4.0
762,1.0,1.0,1.0,1.0,4.0
763,1.0,1.0,1.0,1.0,4.0
764,1.0,1.0,1.0,1.0,4.0
765,1.0,1.0,1.0,1.0,4.0
766,1.0,1.0,1.0,1.0,4.0
767,1.0,1.0,1.0,1.0,4.0
768,1.0,1.0,1.0,1.0,4.0
769,1.0,1.0,1.0,1.0,4.0
770,1.0,1.0,1.0,1.0,4.0
771,1.0,1.0,1.0,1.0,4.0
772,1.0,1.0,1.0,1.0,4.0
773,1.0,1.0,1.0,1.0,4.0
774,1.0,1.0,1.0,1.0,4.0
775,1.0,1.0,1.0,1.0,4.0
776,1.0,1.0,1.0,1.0,4.0
777,1.0,1.0,1.0,1.0,4.0
778,1.0,1.0,1.0,1.0,4.0
779,1.0,1.0,1.0,1.0,4.0
780,1.0,1.0,1.0,1.0,4.0
781,1.0,1.0,1.0,1.0,4.0
782,1.0,1.0,1.0,1.0,4.0
783,1.0,1.0,1.0,1.0,4.0
784,1.0,1.0,1.0,1.0,4.0
785,1.0,1.0,1.0,1.0,4.0
786,1.0,1.0,1.0,1.0,4.0
787,1.0,1.0,1.0,1.0,4.0
788,0.0,0.0,0.0,0.0,2.0
789,0.0,0.0,0.0,0.0,2.0
790,0.0,0.0,0.0,0.0,2.0
791,0.0,0.0,0.0,0.0,2.0
792,0.0,0.0,0.0,0.0,2.0
793,0.0,0.0,0.0,0.0,2.0
794,0.0,0.0,0.0,0.0,2.0
795,0.0,0.0,0.0,0.0,2.0
796,0.0,0.0,0.0,0.0,2.0
797,0.0,0.0,0.0,0.0,2.0
798,0.0,0.0,0.0,0.0,2.0
799,0.0,0.0,0.0,0.0,2.0
800,0.0,0.0,0.0,0.0,2.0
801,0.0,0.0,0.0,0.0,2.0
802,0.0,0.0,0.0,0.0,2.0
803,0.0,0.0,0.0,0.0,2.0
804,0.0,0.0,0.0,0.0,2.0
805,0.0,0.0,0.0,0.0,2.0
806,0.0,0.0,0.0,0.0,2.0
807,0.0,0.0,0.0,0.0,2.0
808,0.0,0.0,0.0,0.0,2.0
809,0.0,0.0,0.0,0.0,2.0
810,0.0,0.0,0.0,0.0,2.0
811,0.0,0.0,0.0,0.0,2.0
812,0.0,0.0,0.0,0.0,2.0
813,0.0,0.0,0.0,0.0,3.0
814,0.0,0.0,0.0,0.0,3.0
815,0.0,0.0,0.0,0.0,3.0
816,0.0,0.0,0.0,0.0,3.0
817,0.0,1.0,0.0,0.0,3.0
818,0.0,0.0,1.0,0.0,3.0
819,1.0,0.0,0.0,1.0,3.0
820,0.0,1.0,1.0,0.0,3.0
821,0.0,0.0,1.0,1.0,3.0
822,1.0,0.0,0.0,1.0,3.0
823,0.0,1.0,0.0,0.0,3.0
824,0.0,0.0,0.0,1.0,3.0
825,1.0,1.0,0.0,0.0,3.0
826,0.0,1.0,1.0,0.0,3.0
827,0.0,0.0,1.0,1.0,3.0
828,0.0,0.0,0.0,1.0,3.0
829,1.0,1.0,0.0,0.0,3.0
830,0.0,1.0,1.0,0.0,3.0
831,0.0,0.0,1.0,1.0,3.0
832,0.0,0.0,0.0,1.0,3.0
833,1.0,1.0,0.0,0.0,3.0
834,1.0,1.0,1.0,1.0,3.0
835,1.0,1.0,1.0,1.0,3.0
836,1.0,1.0,1.0,1.0,3.0
837,1.0,1.0,1.0,1.0,3.0
838,1.0,1.0,1.0,1.0,3.0
839,1.0,1.0,1.0,1.0,3.0
840,1.0,1.0,1.0,1.0,3.0
841,1.0,1.0,1.0,1.0,3.0
842,1.0,1.0,1.0,1.0,3.0
843,0.0,1.0,1.0,1.0,3.0
844,1.0,0.0,1.0,1.0,3.0
845,1.0,1.0,1.0,0.0,3.0
846,1.0,1.0,1.0,1.0,3.0
847,1.0,1.0,1.0,1.0,3.0
848,0.0,1.0,1.0,1.0,3.0
849,1.0,1.0,0.0,1.0,3.0
850,1.0,1.0,1.0,0.0,3.0
851,1.0,1.0,1.0,1.0,3.0
852,1.0,1.0,1.0,1.0,3.0
853,1.0,1.0,1.0,1.0,3.0
854,1.0,1.0,1.0,1.0,3.0
855,1.0,1.0,1.0,1.0,3.0
856,1.0,0.0,1.0,1.0,3.0
857,1.0,1.0,1.0,1.0,3.0
858,1.0,1.0,1.0,1.0,3.0
859,1.0,1.0,1.0,1.0,3.0
860,0.0,1.0,1.0,1.0,3.0
861,0.0,0.0,1.0,1.0,3.0
862,0.0,0.0,0.0,0.0,3.0
863,0.0,0.0,0.0,0.0,3.0
864,0.0,0.0,0.0,0.0,3.0
865,1.0,1.0,0.0,0.0,3.0
866,1.0,1.0,1.0,0.0,3.0
867,1.0,1.0,1.0,1.0,4.0
868,1.0,1.0,1.0,1.0,4.0
869,1.0,1.0,1.0,1.0,4.0
870,1.0,1.0,1.0,1.0,4.0
871,1.0,1.0,1.0,1.0,4.0
872,1.0,1.0,1.0,1.0,4.0
873,2.0,1.0,1.0,1.0,4.0
874,2.0,2.0,1.0,1.0,4.0
875,2.0,2.0,2.0,1.0,4.0
876,1.0,2.0,2.0,2.0,4.0
877,2.0,1.0,2.0,2.0,4.0
878,2.0,2.0,1.0,2.0,4.0
879,1.0,2.0,2.0,1.0,4.0
880,2.0,1.0,2.0,2.0,4.0
881,1.0,2.0,1.0,2.0,4.0
882,2.0,1.0,2.0,1.0,4.0
883,1.0,2.0,1.0,2.0,4.0
884,2.0,1.0,2.0,1.0,4.0
885,2.0,2.0,1.0,2.0,4.0
886,2.0,2.0,2.0,1.0,4.0
887,2.0,2.0,2.0,2.0,4.0
888,2.0,2.0,2.0,2.0,4.0
889,2.0,2.0,2.0,2.0,4.0
890,2.0,2.0,2.0,2.0,4.0
891,2.0,2.0,2.0,2.0,4.0
892,2.0,2.0,2.0,2.0,4.0
893,2.0,2.0,2.0,2.0,4.0
894,2.0,2.0,2.0,2.0,4.0
895,2.0,2.0,2.0,2.0,4.0
896,2.0,2.0,2.0,2.0,4.0
897,2.0,2.0,2.0,2.0,4.0
898,2.0,2.0,2.0,2.0,4.0
899,2.0,2.0,2.0,2.0,4.0
900,2.0,2.0,2.0,2.0,4.0
901,2.0,2.0,2.0,2.0,4.0
902,2.0,2.0,2.0,2.0,4.0
903,2.0,2.0,2.0,2.0,4.0
904,2.0,2.0,2.0,2.0,4.0
905,2.0,2.0,2.0,2.0,4.0
906,2.0,2.0,2.0,2.0,4.0
907,2.0,2.0,2.0,2.0,4.0
908,2.0,2.0,2.0,2.0,4.0
909,2.0,2.0,2.0,2.0,4.0
910,2.0,2.0,2.0,2.0,4.0
911,2.0,2.0,2.0,2.0,4.0
912,2.0,2.0,2.0,2.0,4.0
913,2.0,2.0,2.0,2.0,4.0
914,2.0,2.0,2.0,2.0,4.0
915,2.0,2.0,2.0,2.0,4.0
916,2.0,2.0,2.0,2.0,4.0
917,2.0,2.0,2.0,2.0,4.0
918,2.0,2.0,2.0,2.0,4.0
919,2.0,1.0,2.0,2.0,4.0
920,2.0,2.0,1.0,2.0,4.0
921,2.0,2.0,2.0,1.0,4.0
922,2.0,2.0,2.0,2.0,4.0
923,2.0,2.0,2.0,2.0,4.0
924,2.0,2.0,2.0,2.0,4.0
925,2.0,2.0,2.0,2.0,4.0
926,1.0,2.0,2.0,2.0,4.0
927,1.0,1.0,2.0,2.0,4.0
928,1.0,1.0,1.0,2.0,4.0
929,2.0,1.0,1.0,1.0,4.0
930,1.0,2.0,1.0,1.0,4.0
931,2.0,1.0,2.0,1.0,4.0
932,2.0,2.0,1.0,2.0,4.0
933,2.0,2.0,2.0,1.0,4.0
934,2.0,2.0,2.0,2.0,4.0
935,1.0,2.0,2.0,2.0,4.0
936,2.0,2.0,1.0,2.0,4.0
937,2.0,2.0,2.0,1.0,4.0
938,2.0,2.0,2.0,2.0,4.0
939,1.0,2.0,2.0,2.0,4.0
940,1.0,1.0,1.0,2.0,4.0
941,1.0,1.0,1.0,1.0,4.0
942,2.0,1.0,1.0,1.0,4.0
943,0.0,0.0,0.0,0.0,2.0
944,0.0,0.0,0.0,0.0,2.0
945,0.0,0.0,0.0,0.0,2.0
946,0.0,0.0,0.0,0.0,2.0
947,0.0,0.0,0.0,0.0,2.0
948,0.0,0.0,0.0,0.0,2.0
949,0.0,0.0,0.0,0.0,2.0
950,0.0,0.0,0.0,0.0,2.0
951,0.0,0.0,0.0,0.0,2.0
952,0.0,0.0,0.0,0.0,2.0
953,0.0,0.0,0.0,0.0,2.0
954,0.0,0.0,0.0,0.0,2.0
955,0.0,0.0,0.0,0.0,2.0
956,0.0,0.0,0.0,0.0,2.0
957,0.0,0.0,0.0,0.0,2.0
958,0.0,0.0,0.0,0.0,2.0
959,0.0,0.0,0.0,0.0,2.0
960,0.0,0.0,0.0,0.0,2.0
961,0.0,0.0,0.0,0.0,2.0
962,0.0,0.0,0.0,0.0,2.0
963,0.0,0.0,0.0,0.0,2.0
964,0.0,0.0,0.0,0.0,2.0
965,0.0,0.0,0.0,0.0,2.0
966,0.0,0.0,0.0,0.0,2.0
967,0.0,0.0,0.0,0.0,2.0
968,0.0,0.0,0.0,0.0,2.0
