Time,C6_avg,psi6,V,S-2,S-1,S0
99.9999,2.35333,0.009000000000000001,2.0,0.0,0.0,0.0
104.9999,2.5,0.02893,2.0,0.0,0.0,0.0
119.9999,2.52667,0.01008,2.0,0.0,0.0,0.0
124.9999,2.6,0.08446000000000001,2.0,0.0,0.0,0.0
134.9999,2.73333,0.11075,2.0,0.0,0.0,0.0
144.9999,2.59333,0.03865,2.0,0.0,0.0,0.0
149.9999,2.63333,0.06433,2.0,0.0,0.0,0.0
154.9999,2.78,0.06887,2.0,0.0,0.0,0.0
159.9999,2.62,0.03888,2.0,0.0,0.0,0.0
164.9999,2.78667,0.05768,2.0,0.0,0.0,0.0
169.9999,2.81333,0.06234,2.0,0.0,0.0,0.0
179.9999,2.79333,0.07493999999999999,2.0,0.0,0.0,0.0
199.9999,2.65333,0.08819,2.0,0.0,0.0,0.0
204.9999,2.87333,0.12219,2.0,0.0,0.0,0.0
209.9999,3.0,0.0836,2.0,0.0,0.0,0.0
214.9999,2.90667,0.08317999999999999,2.0,0.0,0.0,0.0
234.9999,2.96,0.03772,2.0,0.0,0.0,0.0
244.9999,2.82667,0.01359,2.0,0.0,0.0,0.0
254.9999,2.92667,0.0114,2.0,0.0,0.0,0.0
259.9999,2.98,0.05252,2.0,0.0,0.0,0.0
269.9999,2.80667,0.06486,2.0,0.0,0.0,0.0
279.9999,2.91333,0.04799,2.0,0.0,0.0,0.0
294.9999,2.88,0.02941,2.0,0.0,0.0,0.0
299.9999,3.02,0.004070000000000001,2.0,0.0,0.0,0.0
304.9999,3.01333,0.07416,2.0,0.0,0.0,0.0
309.9999,3.1266700000000003,0.08736000000000001,2.0,0.0,0.0,0.0
314.9999,2.86667,0.08517000000000001,2.0,0.0,0.0,0.0
329.9999,2.84,0.00584,2.0,0.0,0.0,0.0
344.9999,2.84,0.02913,2.0,0.0,0.0,0.0
349.9999,2.82667,0.06331,2.0,0.0,0.0,0.0
364.9999,3.00667,0.15435,2.0,0.0,0.0,0.0
384.9999,3.04667,0.14593,2.0,0.0,0.0,0.0
404.9999,3.18667,0.14232999999999998,2.0,0.0,0.0,0.0
409.9999,3.22,0.09979,2.0,0.0,0.0,0.0
414.9999,3.18,0.14004,2.0,0.0,0.0,0.0
424.9999,3.1266700000000003,0.16818,2.0,0.0,0.0,0.0
429.9999,3.02,0.21254,2.0,0.0,0.0,0.0
444.9999,3.1266700000000003,0.22436,2.0,0.0,0.0,0.0
454.9999,3.41333,0.28241,2.0,0.0,0.0,0.0
459.9999,3.22667,0.2405,2.0,0.0,0.0,0.0
469.9999,3.06,0.2147,2.0,0.0,0.0,0.0
474.9999,3.26667,0.23283,2.0,0.0,0.0,0.0
479.9999,3.26,0.24274,2.0,0.0,0.0,0.0
484.9999,3.02667,0.21199,2.0,0.0,0.0,0.0
494.9999,2.9,0.14733,2.0,0.0,0.0,0.0
504.9999,3.16667,0.18419,2.0,0.0,0.0,0.0
514.9999,3.22,0.15687,2.0,0.0,0.0,0.0
524.9999,3.1266700000000003,0.13996,2.0,0.0,0.0,0.0
539.9999,3.29333,0.12218,2.0,0.0,0.0,0.0
544.9999,3.18,0.14182999999999998,2.0,0.0,0.0,0.0
554.9999,3.24667,0.17644,2.0,0.0,0.0,0.0
564.9999,3.14667,0.1157,2.0,0.0,0.0,0.0
574.9999,3.19333,0.0737,2.0,0.0,0.0,0.0
584.9999,3.06,0.06186000000000001,2.0,0.0,0.0,0.0
589.9999,3.33333,0.04287,2.0,0.0,0.0,0.0
594.9999,3.14,0.0843,2.0,0.0,0.0,0.0
604.9999,2.94667,0.05359,2.0,0.0,0.0,0.0
609.9999,3.06667,0.14212,2.0,0.0,0.0,0.0
614.9999,3.1266700000000003,0.098,2.0,0.0,0.0,0.0
619.9999,3.07333,0.12636,2.0,0.0,0.0,0.0
634.9999,3.00667,0.0518,2.0,0.0,0.0,0.0
644.9999,3.08667,0.03064,2.0,0.0,0.0,0.0
649.9999,3.18667,0.07927999999999999,2.0,0.0,0.0,0.0
664.9999,3.4733300000000003,0.04967,2.0,0.0,0.0,0.0
669.9999,3.36667,0.06042,2.0,0.0,0.0,0.0
674.9999,3.28,0.05662,2.0,0.0,0.0,0.0
689.9999,3.16667,0.08616,2.0,0.0,0.0,0.0
704.9999,3.43333,0.14152,2.0,0.0,0.0,0.0
709.9999,3.44667,0.1503,2.0,0.0,0.0,0.0
729.9999,3.11333,0.10811,2.0,0.0,0.0,0.0
739.9999,3.13333,0.13646,2.0,0.0,0.0,0.0
749.9999,3.22667,0.16856,2.0,0.0,0.0,0.0
759.9999,3.3,0.11658,2.0,0.0,0.0,0.0
764.9999,3.33333,0.07497999999999999,2.0,0.0,0.0,0.0
774.9999,3.26667,0.08819,2.0,0.0,0.0,0.0
789.9999,3.38,0.20382,2.0,0.0,0.0,0.0
794.9999,3.48667,0.14911,2.0,0.0,0.0,0.0
799.9999,3.37333,0.17582,2.0,0.0,0.0,0.0
819.9999,3.34667,0.18136,2.0,0.0,0.0,0.0
829.9999,3.26,0.20643000000000006,2.0,0.0,0.0,0.0
834.9999,3.33333,0.20867,2.0,0.0,0.0,0.0
839.9999,3.22667,0.16469,2.0,0.0,0.0,0.0
854.9999,3.38667,0.23052,2.0,0.0,0.0,0.0
859.9999,3.22,0.19941,2.0,0.0,0.0,0.0
864.9999,3.34667,0.21983000000000005,2.0,0.0,0.0,0.0
869.9999,3.32667,0.22066,2.0,0.0,0.0,0.0
874.9999,3.18,0.1961,2.0,0.0,0.0,0.0
879.9999,3.39333,0.24271,2.0,0.0,0.0,0.0
884.9999,3.24,0.22354,2.0,0.0,0.0,0.0
894.9999,3.18,0.21302,2.0,0.0,0.0,0.0
899.9999,3.23333,0.18208,2.0,0.0,0.0,0.0
109.9999,2.36,0.02147,2.0,0.0,0.0,0.0
119.9999,2.58667,0.06832,2.0,0.0,0.0,0.0
159.9999,2.7,0.06621,2.0,0.0,0.0,0.0
169.9999,2.87333,0.10745,2.0,0.0,0.0,0.0
179.9999,2.66,0.03476,2.0,0.0,0.0,0.0
189.9999,2.6066700000000003,0.10474,2.0,0.0,0.0,0.0
209.9999,2.80667,0.09014,2.0,0.0,0.0,0.0
229.9999,2.99333,0.10372,2.0,0.0,0.0,0.0
239.9999,2.78,0.10798,2.0,0.0,0.0,0.0
289.9999,3.18667,0.14999,2.0,0.0,0.0,0.0
299.9999,3.01333,0.17343,2.0,0.0,0.0,0.0
319.9999,2.88667,0.1913,2.0,0.0,0.0,0.0
329.9999,3.05333,0.23633,2.0,0.0,0.0,0.0
339.9999,3.05333,0.24557,2.0,0.0,0.0,0.0
349.9999,3.1266700000000003,0.14859,2.0,0.0,0.0,0.0
379.9999,3.1,0.14639000000000002,2.0,0.0,0.0,0.0
389.9999,2.98667,0.15780999999999998,2.0,0.0,0.0,0.0
399.9999,3.05333,0.15322,2.0,0.0,0.0,0.0
409.9999,2.83333,0.09951,2.0,0.0,0.0,0.0
449.9999,2.92667,0.02492,2.0,0.0,0.0,0.0
459.9999,3.20667,0.0782,2.0,0.0,0.0,0.0
489.9999,3.18,0.05334,2.0,0.0,0.0,0.0
499.9999,3.16667,0.07537999999999999,2.0,0.0,0.0,0.0
509.9999,3.07333,0.05841,2.0,0.0,0.0,0.0
519.9999,2.82667,0.04691,2.0,0.0,0.0,0.0
539.9999,2.96667,0.0538,2.0,0.0,0.0,0.0
549.9999,3.08,0.04513,2.0,0.0,0.0,0.0
569.9999,3.04667,0.10135,2.0,0.0,0.0,0.0
589.9999,3.20667,0.07553,2.0,0.0,0.0,0.0
609.9999,3.24667,0.12128,2.0,0.0,0.0,0.0
639.9999,3.02,0.18039,2.0,0.0,0.0,0.0
649.9999,3.1266700000000003,0.10984,2.0,0.0,0.0,0.0
689.9999,3.16,0.10793,2.0,0.0,0.0,0.0
699.9999,3.17333,0.10194,2.0,0.0,0.0,0.0
709.9999,3.22,0.0755,2.0,0.0,0.0,0.0
719.9999,3.02,0.01177,2.0,0.0,0.0,0.0
729.9999,3.23333,0.08544,2.0,0.0,0.0,0.0
739.9999,3.18,0.053979999999999986,2.0,0.0,0.0,0.0
749.9999,3.22,0.051620000000000006,2.0,0.0,0.0,0.0
759.9999,3.04667,0.07286000000000001,2.0,0.0,0.0,0.0
779.9999,3.16667,0.17816,2.0,0.0,0.0,0.0
789.9999,3.1,0.09522,2.0,0.0,0.0,0.0
799.9999,3.27333,0.07162,2.0,0.0,0.0,0.0
809.9999,3.08,0.06096,2.0,0.0,0.0,0.0
829.9999,3.08667,0.14368,2.0,0.0,0.0,0.0
839.9999,2.86,0.05124,2.0,0.0,0.0,0.0
849.9999,3.13333,0.18199,2.0,0.0,0.0,0.0
859.9999,2.97333,0.13318,2.0,0.0,0.0,0.0
869.9999,3.16667,0.20165,2.0,0.0,0.0,0.0
879.9999,3.04,0.1364,2.0,0.0,0.0,0.0
889.9999,3.04,0.15937,2.0,0.0,0.0,0.0
109.9999,2.36,0.02147,2.0,0.0,0.0,0.0
169.9999,2.87333,0.10745,2.0,0.0,0.0,0.0
179.9999,2.66,0.03476,2.0,0.0,0.0,0.0
189.9999,2.6066700000000003,0.10474,2.0,0.0,0.0,0.0
199.9999,2.66,0.08539,2.0,0.0,0.0,0.0
209.9999,2.80667,0.09014,2.0,0.0,0.0,0.0
219.9999,2.78,0.07342,2.0,0.0,0.0,0.0
229.9999,2.99333,0.10372,2.0,0.0,0.0,0.0
249.9999,3.04667,0.09543,2.0,0.0,0.0,0.0
269.9999,3.04,0.09098,2.0,0.0,0.0,0.0
309.9999,3.14667,0.21949,2.0,0.0,0.0,0.0
339.9999,3.05333,0.24557,2.0,0.0,0.0,0.0
349.9999,3.1266700000000003,0.14859,2.0,0.0,0.0,0.0
359.9999,3.06667,0.18312,2.0,0.0,0.0,0.0
379.9999,3.1,0.14639000000000002,2.0,0.0,0.0,0.0
389.9999,2.98667,0.15780999999999998,2.0,0.0,0.0,0.0
399.9999,3.05333,0.15322,2.0,0.0,0.0,0.0
419.9999,2.96,0.04375,2.0,0.0,0.0,0.0
429.9999,3.16,0.07134,2.0,0.0,0.0,0.0
439.9999,3.03333,0.05349,2.0,0.0,0.0,0.0
449.9999,2.92667,0.02492,2.0,0.0,0.0,0.0
459.9999,3.20667,0.0782,2.0,0.0,0.0,0.0
469.9999,3.22667,0.1149,2.0,0.0,0.0,0.0
479.9999,3.29333,0.13112,2.0,0.0,0.0,0.0
489.9999,3.18,0.05334,2.0,0.0,0.0,0.0
499.9999,3.16667,0.07537999999999999,2.0,0.0,0.0,0.0
509.9999,3.07333,0.05841,2.0,0.0,0.0,0.0
519.9999,2.82667,0.04691,2.0,0.0,0.0,0.0
529.9999,3.02667,0.02276,2.0,0.0,0.0,0.0
539.9999,2.96667,0.0538,2.0,0.0,0.0,0.0
569.9999,3.04667,0.10135,2.0,0.0,0.0,0.0
579.9999,2.88,0.11844,2.0,0.0,0.0,0.0
589.9999,3.20667,0.07553,2.0,0.0,0.0,0.0
599.9999,3.16667,0.02526,2.0,0.0,0.0,0.0
609.9999,3.24667,0.12128,2.0,0.0,0.0,0.0
649.9999,3.1266700000000003,0.10984,2.0,0.0,0.0,0.0
689.9999,3.16,0.10793,2.0,0.0,0.0,0.0
699.9999,3.17333,0.10194,2.0,0.0,0.0,0.0
729.9999,3.23333,0.08544,2.0,0.0,0.0,0.0
759.9999,3.04667,0.07286000000000001,2.0,0.0,0.0,0.0
769.9999,3.22667,0.17326,2.0,0.0,0.0,0.0
789.9999,3.1,0.09522,2.0,0.0,0.0,0.0
799.9999,3.27333,0.07162,2.0,0.0,0.0,0.0
809.9999,3.08,0.06096,2.0,0.0,0.0,0.0
819.9999,3.0,0.10185,2.0,0.0,0.0,0.0
839.9999,2.86,0.05124,2.0,0.0,0.0,0.0
869.9999,3.16667,0.20165,2.0,0.0,0.0,0.0
879.9999,3.04,0.1364,2.0,0.0,0.0,0.0
99.9999,2.11333,0.05619,2.0,0.0,0.0,0.0
109.9999,2.30667,0.02932,2.0,0.0,0.0,0.0
119.9999,2.30667,0.11702,2.0,0.0,0.0,0.0
139.9999,2.33333,0.057829999999999986,2.0,0.0,0.0,0.0
159.9999,2.4,0.0647,2.0,0.0,0.0,0.0
179.9999,2.44,0.08009,2.0,0.0,0.0,0.0
189.9999,2.36667,0.03049,2.0,0.0,0.0,0.0
199.9999,2.36667,0.03097,2.0,0.0,0.0,0.0
209.9999,2.58,0.04124,2.0,0.0,0.0,0.0
259.9999,2.52667,0.04221,2.0,0.0,0.0,0.0
279.9999,2.49333,0.03209,2.0,0.0,0.0,0.0
289.9999,2.46667,0.01231,2.0,0.0,0.0,0.0
319.9999,2.70667,0.02899,2.0,0.0,0.0,0.0
329.9999,2.76,0.06952,2.0,0.0,0.0,0.0
349.9999,2.54,0.13514,2.0,0.0,0.0,0.0
359.9999,2.70667,0.10067,2.0,0.0,0.0,0.0
369.9999,2.64,0.05189,2.0,0.0,0.0,0.0
409.9999,2.7,0.07335,2.0,0.0,0.0,0.0
419.9999,2.78,0.08847999999999999,2.0,0.0,0.0,0.0
429.9999,2.67333,0.05593,2.0,0.0,0.0,0.0
439.9999,2.65333,0.00509,2.0,0.0,0.0,0.0
469.9999,2.64,0.08626,2.0,0.0,0.0,0.0
499.9999,2.54,0.03832,2.0,0.0,0.0,0.0
529.9999,2.76667,0.10826,2.0,0.0,0.0,0.0
569.9999,2.71333,0.1768,2.0,0.0,0.0,0.0
589.9999,2.56667,0.08284,2.0,0.0,0.0,0.0
599.9999,2.50667,0.06266000000000001,2.0,0.0,0.0,0.0
619.9999,2.54,0.03124,2.0,0.0,0.0,0.0
629.9999,2.72,0.09427,2.0,0.0,0.0,0.0
649.9999,2.76667,0.06124,2.0,0.0,0.0,0.0
679.9999,2.78,0.04877,2.0,0.0,0.0,0.0
689.9999,2.68,0.10415,2.0,0.0,0.0,0.0
759.9999,2.76,0.10264,2.0,0.0,0.0,0.0
769.9999,2.56,0.04231,2.0,0.0,0.0,0.0
779.9999,2.70667,0.10229,2.0,0.0,0.0,0.0
789.9999,2.68,0.06078,2.0,0.0,0.0,0.0
819.9999,2.83333,0.13351,2.0,0.0,0.0,0.0
829.9999,2.68667,0.12774000000000002,2.0,0.0,0.0,0.0
839.9999,2.66,0.08769,2.0,0.0,0.0,0.0
849.9999,2.76,0.09793,2.0,0.0,0.0,0.0
859.9999,2.64,0.11663,2.0,0.0,0.0,0.0
869.9999,2.89333,0.10666,2.0,0.0,0.0,0.0
889.9999,2.76667,0.03357,2.0,0.0,0.0,0.0
899.9999,2.85333,0.035660000000000004,2.0,0.0,0.0,0.0
109.9999,2.15333,0.06907,2.0,0.0,0.0,0.0
119.9999,2.25333,0.11744,2.0,0.0,0.0,0.0
149.9999,2.36,0.08463,2.0,0.0,0.0,0.0
159.9999,2.25333,0.07141,2.0,0.0,0.0,0.0
189.9999,2.30667,0.127,2.0,0.0,0.0,0.0
199.9999,2.32667,0.0518,2.0,0.0,0.0,0.0
219.9999,2.36667,0.07704,2.0,0.0,0.0,0.0
229.9999,2.38667,0.10627,2.0,0.0,0.0,0.0
239.9999,2.5,0.05268,2.0,0.0,0.0,0.0
269.9999,2.41333,0.13038,2.0,0.0,0.0,0.0
289.9999,2.46667,0.07986,2.0,0.0,0.0,0.0
299.9999,2.56667,0.14705,2.0,0.0,0.0,0.0
339.9999,2.58667,0.0567,2.0,0.0,0.0,0.0
349.9999,2.5,0.09414,2.0,0.0,0.0,0.0
359.9999,2.58667,0.03688,2.0,0.0,0.0,0.0
379.9999,2.55333,0.03074,2.0,0.0,0.0,0.0
389.9999,2.53333,0.04074,2.0,0.0,0.0,0.0
409.9999,2.52,0.10958,2.0,0.0,0.0,0.0
429.9999,2.68,0.060979999999999986,2.0,0.0,0.0,0.0
439.9999,2.78,0.04141,2.0,0.0,0.0,0.0
449.9999,2.79333,0.04549,2.0,0.0,0.0,0.0
459.9999,2.65333,0.03039,2.0,0.0,0.0,0.0
479.9999,2.76,0.04608,2.0,0.0,0.0,0.0
489.9999,2.76667,0.0349,2.0,0.0,0.0,0.0
519.9999,2.75333,0.12354,2.0,0.0,0.0,0.0
529.9999,2.63333,0.08477,2.0,0.0,0.0,0.0
569.9999,2.81333,0.11242,2.0,0.0,0.0,0.0
579.9999,2.82,0.06635,2.0,0.0,0.0,0.0
589.9999,2.68667,0.09332,2.0,0.0,0.0,0.0
599.9999,2.63333,0.0464,2.0,0.0,0.0,0.0
609.9999,2.54667,0.023180000000000003,2.0,0.0,0.0,0.0
629.9999,2.55333,0.12908,2.0,0.0,0.0,0.0
649.9999,2.91333,0.05715,2.0,0.0,0.0,0.0
659.9999,2.72667,0.07115,2.0,0.0,0.0,0.0
669.9999,2.79333,0.06773,2.0,0.0,0.0,0.0
679.9999,2.81333,0.08674,2.0,0.0,0.0,0.0
689.9999,2.71333,0.1093,2.0,0.0,0.0,0.0
699.9999,2.67333,0.11837,2.0,0.0,0.0,0.0
709.9999,2.94,0.09474,2.0,0.0,0.0,0.0
719.9999,2.75333,0.05741,2.0,0.0,0.0,0.0
769.9999,2.96667,0.08362,2.0,0.0,0.0,0.0
789.9999,2.88,0.10244,2.0,0.0,0.0,0.0
799.9999,2.8,0.04483,2.0,0.0,0.0,0.0
829.9999,2.80667,0.10048,2.0,0.0,0.0,0.0
849.9999,2.80667,0.09439,2.0,0.0,0.0,0.0
869.9999,2.75333,0.08162,2.0,0.0,0.0,0.0
899.9999,2.82667,0.05933,2.0,0.0,0.0,0.0
99.9999,2.48,0.02614,2.0,0.0,0.0,0.0
119.9999,2.58667,0.06832,2.0,0.0,0.0,0.0
129.9999,2.68,0.05593,2.0,0.0,0.0,0.0
139.9999,2.52,0.08607999999999999,2.0,0.0,0.0,0.0
149.9999,2.74667,0.10859,2.0,0.0,0.0,0.0
159.9999,2.7,0.06621,2.0,0.0,0.0,0.0
169.9999,2.87333,0.10745,2.0,0.0,0.0,0.0
179.9999,2.66,0.03476,2.0,0.0,0.0,0.0
199.9999,2.66,0.08539,2.0,0.0,0.0,0.0
209.9999,2.80667,0.09014,2.0,0.0,0.0,0.0
219.9999,2.78,0.07342,2.0,0.0,0.0,0.0
259.9999,2.98,0.11407,2.0,0.0,0.0,0.0
269.9999,3.04,0.09098,2.0,0.0,0.0,0.0
279.9999,3.07333,0.16130999999999998,2.0,0.0,0.0,0.0
299.9999,3.01333,0.17343,2.0,0.0,0.0,0.0
309.9999,3.14667,0.21949,2.0,0.0,0.0,0.0
339.9999,3.05333,0.24557,2.0,0.0,0.0,0.0
349.9999,3.1266700000000003,0.14859,2.0,0.0,0.0,0.0
359.9999,3.06667,0.18312,2.0,0.0,0.0,0.0
369.9999,3.11333,0.1645,2.0,0.0,0.0,0.0
399.9999,3.05333,0.15322,2.0,0.0,0.0,0.0
419.9999,2.96,0.04375,2.0,0.0,0.0,0.0
429.9999,3.16,0.07134,2.0,0.0,0.0,0.0
439.9999,3.03333,0.05349,2.0,0.0,0.0,0.0
459.9999,3.20667,0.0782,2.0,0.0,0.0,0.0
479.9999,3.29333,0.13112,2.0,0.0,0.0,0.0
529.9999,3.02667,0.02276,2.0,0.0,0.0,0.0
549.9999,3.08,0.04513,2.0,0.0,0.0,0.0
569.9999,3.04667,0.10135,2.0,0.0,0.0,0.0
599.9999,3.16667,0.02526,2.0,0.0,0.0,0.0
609.9999,3.24667,0.12128,2.0,0.0,0.0,0.0
619.9999,3.06,0.08062000000000001,2.0,0.0,0.0,0.0
639.9999,3.02,0.18039,2.0,0.0,0.0,0.0
649.9999,3.1266700000000003,0.10984,2.0,0.0,0.0,0.0
659.9999,3.0,0.08827,2.0,0.0,0.0,0.0
679.9999,2.99333,0.10215,2.0,0.0,0.0,0.0
689.9999,3.16,0.10793,2.0,0.0,0.0,0.0
709.9999,3.22,0.0755,2.0,0.0,0.0,0.0
719.9999,3.02,0.01177,2.0,0.0,0.0,0.0
729.9999,3.23333,0.08544,2.0,0.0,0.0,0.0
739.9999,3.18,0.053979999999999986,2.0,0.0,0.0,0.0
769.9999,3.22667,0.17326,2.0,0.0,0.0,0.0
779.9999,3.16667,0.17816,2.0,0.0,0.0,0.0
789.9999,3.1,0.09522,2.0,0.0,0.0,0.0
799.9999,3.27333,0.07162,2.0,0.0,0.0,0.0
819.9999,3.0,0.10185,2.0,0.0,0.0,0.0
869.9999,3.16667,0.20165,2.0,0.0,0.0,0.0
879.9999,3.04,0.1364,2.0,0.0,0.0,0.0
889.9999,3.04,0.15937,2.0,0.0,0.0,0.0
99.9999,1.72,0.06116,1.0,0.0,0.0,0.0
199.9999,2.42667,0.08906,2.0,0.0,0.0,1.0
399.9999,3.753330000000001,0.07745,2.0,1.0,0.0,1.0
599.9999,5.30667,0.1431,4.0,1.0,1.0,0.0
899.9999,3.1,0.18638,2.0,0.0,0.0,0.0
99.9999,1.72,0.06116,1.0,0.0,0.0,0.0
399.9999,3.753330000000001,0.07745,2.0,1.0,0.0,0.0
799.9999,3.5533300000000003,0.23985,2.0,1.0,0.0,0.0
899.9999,3.33333,0.20753,2.0,0.0,0.0,2.0
99.9999,4.14,0.09798,3.0,0.0,1.0,1.0
199.9999,5.29333,0.71163,4.0,1.0,1.0,2.0
299.9999,5.53333,0.98965,4.0,1.0,2.0,1.0
499.9999,3.78667,0.44577,2.0,1.0,0.0,0.0
599.9999,3.33333,0.32927,2.0,0.0,0.0,0.0
699.9999,2.67333,0.14867,1.0,0.0,0.0,0.0
799.9999,3.97333,0.19823,3.0,0.0,0.0,1.0
899.9999,4.46,0.23598,3.0,0.0,1.0,0.0
99.9999,2.59333,0.09611,2.0,0.0,0.0,1.0
199.9999,5.28,0.68255,4.0,0.0,1.0,2.0
299.9999,5.486669999999998,0.97583,4.0,1.0,2.0,1.0
399.9999,4.29333,0.6233,2.0,2.0,1.0,2.0
499.9999,5.52,0.99427,4.0,1.0,2.0,1.0
599.9999,4.16667,0.52175,2.0,2.0,1.0,2.0
899.9999,2.79333,0.32079,1.0,1.0,0.0,0.0
199.9999,5.28667,0.23384,4.0,0.0,1.0,1.0
299.9999,4.65333,0.27987,3.0,1.0,1.0,1.0
499.9999,5.25333,0.23023,4.0,1.0,1.0,1.0
899.9999,2.95333,0.12257,2.0,0.0,0.0,1.0
99.9999,2.59333,0.09611,2.0,0.0,0.0,1.0
199.9999,4.16667,0.16079000000000002,3.0,0.0,1.0,0.0
399.9999,4.3133300000000006,0.49334,3.0,0.0,1.0,1.0
599.9999,4.91333,0.72004,3.0,1.0,1.0,2.0
699.9999,5.54667,0.99134,4.0,1.0,2.0,2.0
899.9999,4.4333300000000015,0.6069,2.0,2.0,1.0,1.0
99.9999,1.72,0.06116,1.0,0.0,0.0,0.0
299.9999,1.98667,0.10545,1.0,0.0,0.0,1.0
399.9999,4.05333,0.30854000000000004,3.0,0.0,1.0,0.0
799.9999,4.33333,0.40181,3.0,0.0,1.0,0.0
899.9999,2.82667,0.25475,1.0,1.0,0.0,1.0
199.9999,4.4333300000000015,0.63337,2.0,2.0,1.0,0.0
299.9999,2.68667,0.17861,1.0,1.0,0.0,2.0
399.9999,5.54,0.99411,4.0,0.0,2.0,1.0
499.9999,4.3533300000000015,0.5865,2.0,2.0,1.0,2.0
599.9999,5.54,0.99152,4.0,1.0,2.0,1.0
699.9999,4.56,0.63554,2.0,2.0,1.0,1.0
799.9999,4.92667,0.68576,3.0,1.0,1.0,1.0
899.9999,4.90667,0.72975,3.0,1.0,1.0,0.0
299.9999,2.68667,0.17861,1.0,1.0,0.0,1.0
399.9999,4.07333,0.41835,3.0,0.0,1.0,2.0
599.9999,4.38667,0.5647399999999999,2.0,2.0,1.0,0.0
699.9999,3.82667,0.38429,2.0,1.0,0.0,0.0
899.9999,5.3133300000000006,0.77369,4.0,0.0,1.0,1.0
199.9999,5.28,0.68255,4.0,0.0,1.0,0.0
299.9999,3.68667,0.3749,1.0,1.0,0.0,0.0
599.9999,2.74,0.12405,1.0,0.0,0.0,2.0
699.9999,5.50667,0.9940000000000001,4.0,0.0,2.0,0.0
799.9999,3.90667,0.52682,1.0,2.0,0.0,0.0
99.9999,5.54667,0.99502,4.0,0.0,2.0,2.0
104.9999,5.54667,0.99053,4.0,0.0,2.0,2.0
109.9999,5.54667,0.99352,4.0,1.0,2.0,2.0
114.9999,5.53333,0.98671,4.0,1.0,2.0,2.0
119.9999,5.54667,0.99232,4.0,1.0,2.0,2.0
124.9999,5.54667,0.99478,4.0,1.0,2.0,2.0
129.9999,5.54667,0.99378,4.0,1.0,2.0,2.0
134.9999,5.54667,0.99509,4.0,1.0,2.0,2.0
139.9999,5.54667,0.99361,4.0,1.0,2.0,2.0
144.9999,5.54667,0.99336,4.0,1.0,2.0,2.0
149.9999,5.54667,0.9953,4.0,1.0,2.0,2.0
154.9999,5.54667,0.99345,4.0,1.0,2.0,2.0
159.9999,5.54667,0.99614,4.0,1.0,2.0,2.0
164.9999,5.54667,0.99195,4.0,1.0,2.0,2.0
169.9999,5.54667,0.99587,4.0,1.0,2.0,2.0
174.9999,5.54667,0.99553,4.0,1.0,2.0,2.0
179.9999,5.54667,0.9964,4.0,2.0,2.0,2.0
184.9999,5.54667,0.99428,4.0,2.0,2.0,2.0
189.9999,5.54667,0.9944,4.0,2.0,2.0,2.0
194.9999,5.54667,0.99457,4.0,2.0,2.0,2.0
199.9999,5.54667,0.99476,4.0,2.0,2.0,2.0
204.9999,5.54667,0.99511,4.0,2.0,2.0,2.0
209.9999,5.54667,0.99475,4.0,2.0,2.0,2.0
214.9999,5.54667,0.99544,4.0,2.0,2.0,2.0
219.9999,5.54667,0.99494,4.0,2.0,2.0,2.0
224.9999,5.54667,0.99282,4.0,2.0,2.0,2.0
229.9999,5.54667,0.99263,4.0,2.0,2.0,2.0
234.9999,5.54667,0.99398,4.0,2.0,2.0,2.0
239.9999,5.54667,0.98965,4.0,2.0,2.0,2.0
244.9999,5.54667,0.9940000000000001,4.0,2.0,2.0,2.0
249.9999,5.54667,0.99273,4.0,2.0,2.0,2.0
254.9999,5.54667,0.99598,4.0,2.0,2.0,2.0
259.9999,5.54667,0.99407,4.0,2.0,2.0,2.0
264.9999,5.54667,0.99506,4.0,2.0,2.0,2.0
269.9999,5.54667,0.99228,4.0,2.0,2.0,2.0
274.9999,5.54667,0.99293,4.0,2.0,2.0,2.0
279.9999,5.54667,0.99615,4.0,2.0,2.0,2.0
284.9999,5.54667,0.99368,4.0,2.0,2.0,2.0
289.9999,5.54667,0.99514,4.0,2.0,2.0,2.0
294.9999,5.54667,0.99517,4.0,2.0,2.0,2.0
299.9999,5.54667,0.99115,4.0,2.0,2.0,2.0
304.9999,5.53333,0.9856,4.0,2.0,2.0,2.0
309.9999,5.54667,0.99547,4.0,2.0,2.0,2.0
314.9999,5.54667,0.99329,4.0,2.0,2.0,2.0
319.9999,5.54667,0.99505,4.0,2.0,2.0,2.0
324.9999,5.54,0.99303,4.0,2.0,2.0,2.0
329.9999,5.526669999999998,0.9858,4.0,2.0,2.0,2.0
334.9999,5.526669999999998,0.98748,4.0,2.0,2.0,2.0
339.9999,5.526669999999998,0.98577,4.0,2.0,2.0,2.0
344.9999,5.54,0.99618,4.0,2.0,2.0,2.0
349.9999,5.54,0.99536,4.0,2.0,2.0,2.0
354.9999,5.54,0.99593,4.0,2.0,2.0,2.0
359.9999,5.54,0.99513,4.0,2.0,2.0,2.0
364.9999,5.54,0.99438,4.0,2.0,2.0,2.0
369.9999,5.54,0.99465,4.0,2.0,2.0,2.0
374.9999,5.54,0.99412,4.0,2.0,2.0,2.0
379.9999,5.54,0.99442,4.0,2.0,2.0,2.0
384.9999,5.54,0.99502,4.0,2.0,2.0,2.0
389.9999,5.54,0.99415,4.0,2.0,2.0,2.0
394.9999,5.54,0.9940000000000001,4.0,2.0,2.0,2.0
399.9999,5.54,0.99425,4.0,2.0,2.0,2.0
404.9999,5.54,0.99483,4.0,2.0,2.0,2.0
409.9999,5.54,0.99586,4.0,2.0,2.0,2.0
414.9999,5.54,0.99502,4.0,2.0,2.0,2.0
419.9999,5.54,0.99267,4.0,2.0,2.0,2.0
424.9999,5.54,0.99557,4.0,2.0,2.0,2.0
429.9999,5.54,0.99475,4.0,2.0,2.0,2.0
434.9999,5.54,0.99442,4.0,2.0,2.0,2.0
439.9999,5.54,0.99411,4.0,2.0,2.0,2.0
444.9999,5.54,0.99091,4.0,2.0,2.0,2.0
449.9999,5.54,0.99541,4.0,2.0,2.0,2.0
454.9999,5.54,0.99135,4.0,2.0,2.0,2.0
459.9999,5.54,0.99536,4.0,2.0,2.0,2.0
464.9999,5.54,0.99391,4.0,2.0,2.0,2.0
469.9999,5.54,0.99463,4.0,2.0,2.0,2.0
474.9999,5.54,0.99454,4.0,2.0,2.0,2.0
479.9999,5.54,0.99522,4.0,2.0,2.0,2.0
484.9999,5.54,0.99198,4.0,2.0,2.0,2.0
489.9999,5.54,0.99455,4.0,2.0,2.0,2.0
494.9999,5.54,0.99308,4.0,2.0,2.0,2.0
499.9999,5.54,0.99287,4.0,2.0,2.0,2.0
504.9999,5.54,0.99365,4.0,2.0,2.0,2.0
509.9999,5.54,0.99411,4.0,2.0,2.0,2.0
514.9999,5.54,0.99565,4.0,2.0,2.0,2.0
519.9999,5.54,0.99559,4.0,2.0,2.0,2.0
524.9999,5.54,0.99467,4.0,2.0,2.0,2.0
529.9999,5.54,0.99252,4.0,2.0,2.0,2.0
534.9999,5.54,0.99415,4.0,2.0,2.0,2.0
539.9999,5.54,0.99247,4.0,2.0,2.0,2.0
544.9999,5.54,0.99514,4.0,2.0,2.0,2.0
549.9999,5.54,0.99533,4.0,2.0,2.0,2.0
554.9999,5.54,0.99106,4.0,2.0,2.0,2.0
559.9999,5.54,0.99548,4.0,2.0,2.0,2.0
564.9999,5.54,0.99325,4.0,2.0,2.0,2.0
569.9999,5.54,0.99186,4.0,2.0,2.0,2.0
574.9999,5.526669999999998,0.9901,4.0,2.0,2.0,2.0
579.9999,5.526669999999998,0.98869,4.0,2.0,2.0,2.0
584.9999,5.54667,0.99619,4.0,2.0,2.0,2.0
589.9999,5.54667,0.99518,4.0,2.0,2.0,2.0
594.9999,5.54667,0.99504,4.0,2.0,2.0,2.0
599.9999,5.54667,0.98997,4.0,2.0,2.0,2.0
604.9999,5.54667,0.99352,4.0,2.0,2.0,2.0
609.9999,5.54667,0.99442,4.0,2.0,2.0,2.0
614.9999,5.54667,0.99364,4.0,2.0,2.0,2.0
619.9999,5.54667,0.99516,4.0,2.0,2.0,2.0
624.9999,5.54667,0.99525,4.0,2.0,2.0,2.0
629.9999,5.54667,0.99318,4.0,2.0,2.0,2.0
634.9999,5.54667,0.99301,4.0,2.0,2.0,2.0
639.9999,5.54667,0.99375,4.0,2.0,2.0,2.0
644.9999,5.54667,0.99567,4.0,2.0,2.0,2.0
649.9999,5.54667,0.99411,4.0,2.0,2.0,2.0
654.9999,5.54667,0.99537,4.0,2.0,2.0,2.0
659.9999,5.54667,0.99568,4.0,2.0,2.0,2.0
664.9999,5.54667,0.99513,4.0,2.0,2.0,2.0
669.9999,5.54667,0.99523,4.0,2.0,2.0,2.0
674.9999,5.54667,0.99612,4.0,2.0,2.0,2.0
679.9999,5.54667,0.99188,4.0,2.0,2.0,2.0
684.9999,5.54667,0.99419,4.0,2.0,2.0,2.0
689.9999,5.54667,0.99577,4.0,2.0,2.0,2.0
694.9999,5.54667,0.99182,4.0,2.0,2.0,2.0
699.9999,5.54667,0.9933,4.0,2.0,2.0,2.0
704.9999,5.54667,0.99379,4.0,2.0,2.0,2.0
709.9999,5.54667,0.99378,4.0,2.0,2.0,2.0
714.9999,5.53333,0.98583,4.0,2.0,2.0,2.0
719.9999,5.54667,0.99578,4.0,2.0,2.0,2.0
724.9999,5.54667,0.99517,4.0,2.0,2.0,2.0
729.9999,5.53333,0.99122,4.0,2.0,2.0,2.0
734.9999,5.54667,0.99547,4.0,2.0,2.0,2.0
739.9999,5.54667,0.99601,4.0,2.0,2.0,2.0
744.9999,5.54667,0.99512,4.0,2.0,2.0,2.0
749.9999,5.54667,0.99466,4.0,2.0,2.0,2.0
754.9999,5.54667,0.99594,4.0,2.0,2.0,2.0
759.9999,5.54667,0.99469,4.0,2.0,2.0,2.0
764.9999,5.54667,0.99356,4.0,2.0,2.0,2.0
769.9999,5.54667,0.99538,4.0,2.0,2.0,2.0
774.9999,5.54667,0.99463,4.0,2.0,2.0,2.0
779.9999,5.54667,0.99476,4.0,2.0,2.0,2.0
784.9999,5.54667,0.99302,4.0,2.0,2.0,2.0
789.9999,5.54667,0.99436,4.0,2.0,2.0,2.0
794.9999,5.54667,0.99272,4.0,2.0,2.0,2.0
799.9999,5.54667,0.98967,4.0,2.0,2.0,2.0
804.9999,5.54667,0.99014,4.0,2.0,2.0,2.0
809.9999,5.54667,0.99429,4.0,2.0,2.0,2.0
814.9999,5.54667,0.99538,4.0,2.0,2.0,2.0
819.9999,5.54667,0.99578,4.0,2.0,2.0,2.0
824.9999,5.54667,0.9904,4.0,2.0,2.0,2.0
829.9999,5.54667,0.9935,4.0,2.0,2.0,2.0
834.9999,5.526669999999998,0.98791,4.0,2.0,2.0,2.0
839.9999,5.54667,0.99554,4.0,2.0,2.0,2.0
844.9999,5.54667,0.99278,4.0,2.0,2.0,2.0
849.9999,5.54667,0.99436,4.0,2.0,2.0,2.0
854.9999,5.54667,0.99416,4.0,2.0,2.0,2.0
859.9999,5.54667,0.99438,4.0,2.0,2.0,2.0
864.9999,5.54667,0.99149,4.0,2.0,2.0,2.0
869.9999,5.54667,0.99573,4.0,2.0,2.0,2.0
874.9999,5.54667,0.99467,4.0,2.0,2.0,2.0
879.9999,5.54667,0.99595,4.0,2.0,2.0,2.0
884.9999,5.54667,0.99368,4.0,2.0,2.0,2.0
889.9999,5.54667,0.99374,4.0,2.0,2.0,2.0
894.9999,5.54667,0.99485,4.0,2.0,2.0,2.0
899.9999,5.54667,0.99542,4.0,2.0,2.0,2.0
89.9999,1.68667,0.11045,1.0,0.0,0.0,0.0
209.9999,1.63333,0.01925,1.0,0.0,0.0,0.0
269.9999,1.62667,0.03323,1.0,0.0,0.0,0.0
299.9999,1.70667,0.07783999999999999,1.0,0.0,0.0,0.0
329.9999,1.7533299999999998,0.03881,1.0,0.0,0.0,0.0
389.9999,1.58,0.0119,1.0,0.0,0.0,0.0
449.9999,1.72,0.02371,1.0,0.0,0.0,0.0
479.9999,1.62,0.02747,1.0,0.0,0.0,0.0
509.9999,1.78667,0.02969,1.0,0.0,0.0,0.0
539.9999,1.64,0.04745,1.0,0.0,0.0,0.0
629.9999,1.66667,0.05143,1.0,0.0,0.0,0.0
809.9999,1.60667,0.10007,1.0,0.0,0.0,0.0
99.9999,5.26667,0.63768,4.0,0.0,1.0,2.0
109.9999,5.2733300000000005,0.63788,4.0,1.0,1.0,2.0
119.9999,5.24667,0.62862,4.0,1.0,1.0,2.0
129.9999,5.32,0.6210100000000001,4.0,1.0,1.0,2.0
139.9999,5.28,0.6709999999999999,4.0,1.0,1.0,2.0
149.9999,5.36,0.70499,4.0,1.0,1.0,2.0
159.9999,5.3933300000000015,0.73115,4.0,1.0,1.0,2.0
169.9999,5.36667,0.75058,4.0,1.0,1.0,2.0
179.9999,5.3533300000000015,0.8443700000000001,4.0,1.0,1.0,2.0
189.9999,5.5,0.96976,4.0,1.0,2.0,2.0
199.9999,5.53333,0.99633,4.0,1.0,2.0,2.0
209.9999,5.53333,0.99512,4.0,1.0,2.0,2.0
219.9999,5.53333,0.99437,4.0,1.0,2.0,2.0
229.9999,5.53333,0.99667,4.0,1.0,2.0,2.0
239.9999,5.53333,0.99565,4.0,1.0,2.0,2.0
249.9999,5.53333,0.99533,4.0,1.0,2.0,2.0
259.9999,5.53333,0.99518,4.0,1.0,2.0,2.0
269.9999,5.53333,0.99679,4.0,1.0,2.0,2.0
279.9999,5.53333,0.99506,4.0,1.0,2.0,2.0
289.9999,5.53333,0.99574,4.0,2.0,2.0,2.0
299.9999,5.53333,0.99561,4.0,2.0,2.0,2.0
309.9999,5.53333,0.99436,4.0,2.0,2.0,2.0
319.9999,5.53333,0.9925,4.0,2.0,2.0,2.0
329.9999,5.53333,0.99238,4.0,2.0,2.0,2.0
339.9999,5.53333,0.99623,4.0,2.0,2.0,2.0
349.9999,5.53333,0.99412,4.0,2.0,2.0,2.0
359.9999,5.53333,0.99473,4.0,2.0,2.0,2.0
369.9999,5.53333,0.99533,4.0,2.0,2.0,2.0
379.9999,5.53333,0.99318,4.0,2.0,2.0,2.0
389.9999,5.53333,0.99398,4.0,2.0,2.0,2.0
399.9999,5.53333,0.99604,4.0,2.0,2.0,2.0
409.9999,5.53333,0.99611,4.0,2.0,2.0,2.0
419.9999,5.53333,0.99595,4.0,2.0,2.0,2.0
429.9999,5.53333,0.9953,4.0,2.0,2.0,2.0
439.9999,5.53333,0.99646,4.0,2.0,2.0,2.0
449.9999,5.53333,0.99332,4.0,2.0,2.0,2.0
459.9999,5.513330000000002,0.98966,4.0,2.0,2.0,2.0
469.9999,5.53333,0.99353,4.0,2.0,2.0,2.0
479.9999,5.53333,0.9962,4.0,2.0,2.0,2.0
489.9999,5.53333,0.99531,4.0,2.0,2.0,2.0
499.9999,5.53333,0.99484,4.0,2.0,2.0,2.0
509.9999,5.53333,0.99537,4.0,2.0,2.0,2.0
519.9999,5.53333,0.99463,4.0,2.0,2.0,2.0
529.9999,5.53333,0.99565,4.0,2.0,2.0,2.0
539.9999,5.53333,0.99608,4.0,2.0,2.0,2.0
549.9999,5.53333,0.995,4.0,2.0,2.0,2.0
559.9999,5.53333,0.99464,4.0,2.0,2.0,2.0
569.9999,5.53333,0.99451,4.0,2.0,2.0,2.0
579.9999,5.53333,0.99579,4.0,2.0,2.0,2.0
589.9999,5.53333,0.9956,4.0,2.0,2.0,2.0
599.9999,5.53333,0.9939,4.0,2.0,2.0,2.0
609.9999,5.53333,0.99437,4.0,2.0,2.0,2.0
619.9999,5.53333,0.99567,4.0,2.0,2.0,2.0
629.9999,5.53333,0.99566,4.0,2.0,2.0,2.0
639.9999,5.53333,0.99658,4.0,2.0,2.0,2.0
649.9999,5.53333,0.99598,4.0,2.0,2.0,2.0
659.9999,5.53333,0.99121,4.0,2.0,2.0,2.0
669.9999,5.50667,0.98495,4.0,2.0,2.0,2.0
679.9999,5.53333,0.99556,4.0,2.0,2.0,2.0
689.9999,5.53333,0.99558,4.0,2.0,2.0,2.0
699.9999,5.53333,0.99526,4.0,2.0,2.0,2.0
709.9999,5.53333,0.9964,4.0,2.0,2.0,2.0
719.9999,5.53333,0.99483,4.0,2.0,2.0,2.0
729.9999,5.53333,0.99494,4.0,2.0,2.0,2.0
739.9999,5.53333,0.99325,4.0,2.0,2.0,2.0
749.9999,5.53333,0.99473,4.0,2.0,2.0,2.0
759.9999,5.53333,0.99448,4.0,2.0,2.0,2.0
769.9999,5.53333,0.99479,4.0,2.0,2.0,2.0
779.9999,5.53333,0.99613,4.0,2.0,2.0,2.0
789.9999,5.53333,0.99486,4.0,2.0,2.0,2.0
799.9999,5.53333,0.99522,4.0,2.0,2.0,2.0
809.9999,5.53333,0.99599,4.0,2.0,2.0,2.0
819.9999,5.53333,0.99434,4.0,2.0,2.0,2.0
829.9999,5.53333,0.99237,4.0,2.0,2.0,2.0
839.9999,5.53333,0.99629,4.0,2.0,2.0,2.0
849.9999,5.53333,0.99416,4.0,2.0,2.0,2.0
859.9999,5.53333,0.99427,4.0,2.0,2.0,2.0
869.9999,5.53333,0.99382,4.0,2.0,2.0,2.0
879.9999,5.53333,0.99547,4.0,2.0,2.0,2.0
889.9999,5.53333,0.99321,4.0,2.0,2.0,2.0
899.9999,5.53333,0.99105,4.0,2.0,2.0,2.0
99.9999,5.34667,0.60073,4.0,0.0,1.0,1.0
109.9999,5.30667,0.6098,4.0,1.0,1.0,2.0
119.9999,5.26667,0.6301100000000001,4.0,1.0,1.0,2.0
129.9999,5.30667,0.62393,4.0,1.0,1.0,2.0
139.9999,5.32,0.6354,4.0,1.0,1.0,2.0
149.9999,5.3,0.65423,4.0,1.0,1.0,2.0
159.9999,5.40667,0.6761199999999999,4.0,1.0,1.0,2.0
169.9999,5.36667,0.71267,4.0,1.0,1.0,2.0
179.9999,5.40667,0.7737,4.0,1.0,1.0,2.0
189.9999,5.38667,0.81198,4.0,1.0,1.0,2.0
199.9999,5.42667,0.85906,4.0,1.0,1.0,2.0
209.9999,5.473330000000002,0.93982,4.0,1.0,2.0,2.0
219.9999,5.486669999999998,0.95521,4.0,1.0,2.0,2.0
229.9999,5.48,0.96915,4.0,1.0,2.0,2.0
239.9999,5.55333,0.99111,4.0,1.0,2.0,2.0
249.9999,5.57333,0.99292,4.0,1.0,2.0,2.0
259.9999,5.57333,0.99313,4.0,1.0,2.0,2.0
269.9999,5.57333,0.99535,4.0,1.0,2.0,2.0
279.9999,5.57333,0.99674,4.0,1.0,2.0,2.0
289.9999,5.57333,0.99606,4.0,1.0,2.0,2.0
299.9999,5.57333,0.99492,4.0,1.0,2.0,2.0
309.9999,5.57333,0.99433,4.0,2.0,2.0,2.0
319.9999,5.57333,0.99657,4.0,2.0,2.0,2.0
329.9999,5.57333,0.99582,4.0,2.0,2.0,2.0
339.9999,5.57333,0.99188,4.0,2.0,2.0,2.0
349.9999,5.57333,0.99635,4.0,2.0,2.0,2.0
359.9999,5.57333,0.9949,4.0,2.0,2.0,2.0
369.9999,5.57333,0.99535,4.0,2.0,2.0,2.0
379.9999,5.57333,0.99488,4.0,2.0,2.0,2.0
389.9999,5.57333,0.99626,4.0,2.0,2.0,2.0
399.9999,5.57333,0.99487,4.0,2.0,2.0,2.0
409.9999,5.57333,0.99537,4.0,2.0,2.0,2.0
419.9999,5.57333,0.99612,4.0,2.0,2.0,2.0
429.9999,5.57333,0.99458,4.0,2.0,2.0,2.0
439.9999,5.57333,0.99685,4.0,2.0,2.0,2.0
449.9999,5.57333,0.99444,4.0,2.0,2.0,2.0
459.9999,5.57333,0.99518,4.0,2.0,2.0,2.0
469.9999,5.57333,0.99609,4.0,2.0,2.0,2.0
479.9999,5.57333,0.99506,4.0,2.0,2.0,2.0
489.9999,5.57333,0.99502,4.0,2.0,2.0,2.0
499.9999,5.57333,0.99437,4.0,2.0,2.0,2.0
509.9999,5.57333,0.99467,4.0,2.0,2.0,2.0
519.9999,5.57333,0.99618,4.0,2.0,2.0,2.0
529.9999,5.57333,0.99636,4.0,2.0,2.0,2.0
539.9999,5.57333,0.99593,4.0,2.0,2.0,2.0
549.9999,5.57333,0.99597,4.0,2.0,2.0,2.0
559.9999,5.57333,0.99634,4.0,2.0,2.0,2.0
569.9999,5.57333,0.99572,4.0,2.0,2.0,2.0
579.9999,5.57333,0.99511,4.0,2.0,2.0,2.0
589.9999,5.57333,0.99633,4.0,2.0,2.0,2.0
599.9999,5.57333,0.99683,4.0,2.0,2.0,2.0
609.9999,5.57333,0.9956,4.0,2.0,2.0,2.0
619.9999,5.57333,0.99583,4.0,2.0,2.0,2.0
629.9999,5.57333,0.99479,4.0,2.0,2.0,2.0
639.9999,5.57333,0.99661,4.0,2.0,2.0,2.0
649.9999,5.57333,0.99445,4.0,2.0,2.0,2.0
659.9999,5.57333,0.9958,4.0,2.0,2.0,2.0
669.9999,5.57333,0.99597,4.0,2.0,2.0,2.0
679.9999,5.57333,0.99537,4.0,2.0,2.0,2.0
689.9999,5.57333,0.99402,4.0,2.0,2.0,2.0
699.9999,5.57333,0.99535,4.0,2.0,2.0,2.0
709.9999,5.57333,0.99671,4.0,2.0,2.0,2.0
719.9999,5.57333,0.99599,4.0,2.0,2.0,2.0
729.9999,5.57333,0.99637,4.0,2.0,2.0,2.0
739.9999,5.57333,0.99599,4.0,2.0,2.0,2.0
749.9999,5.57333,0.99317,4.0,2.0,2.0,2.0
759.9999,5.57333,0.99535,4.0,2.0,2.0,2.0
769.9999,5.57333,0.99649,4.0,2.0,2.0,2.0
779.9999,5.57333,0.99625,4.0,2.0,2.0,2.0
789.9999,5.57333,0.9951,4.0,2.0,2.0,2.0
799.9999,5.57333,0.99379,4.0,2.0,2.0,2.0
809.9999,5.57333,0.99552,4.0,2.0,2.0,2.0
819.9999,5.57333,0.99646,4.0,2.0,2.0,2.0
829.9999,5.57333,0.99517,4.0,2.0,2.0,2.0
839.9999,5.57333,0.99579,4.0,2.0,2.0,2.0
849.9999,5.57333,0.99621,4.0,2.0,2.0,2.0
859.9999,5.57333,0.99536,4.0,2.0,2.0,2.0
869.9999,5.57333,0.99594,4.0,2.0,2.0,2.0
879.9999,5.57333,0.99425,4.0,2.0,2.0,2.0
889.9999,5.57333,0.997,4.0,2.0,2.0,2.0
899.9999,5.57333,0.99575,4.0,2.0,2.0,2.0
99.9999,5.40667,0.77469,4.0,0.0,1.0,2.0
109.9999,5.42667,0.80697,4.0,1.0,1.0,2.0
119.9999,5.46667,0.82395,4.0,1.0,1.0,2.0
129.9999,5.42,0.83545,4.0,1.0,1.0,2.0
139.9999,5.42667,0.85049,4.0,1.0,1.0,2.0
149.9999,5.4333300000000015,0.8660100000000001,4.0,1.0,1.0,2.0
159.9999,5.44667,0.92758,4.0,1.0,2.0,2.0
169.9999,5.45333,0.95311,4.0,1.0,2.0,2.0
179.9999,5.55333,0.99515,4.0,1.0,2.0,2.0
189.9999,5.55333,0.99426,4.0,1.0,2.0,2.0
199.9999,5.55333,0.99528,4.0,1.0,2.0,2.0
209.9999,5.55333,0.99505,4.0,1.0,2.0,2.0
219.9999,5.55333,0.99529,4.0,1.0,2.0,2.0
229.9999,5.55333,0.99509,4.0,1.0,2.0,2.0
239.9999,5.55333,0.99637,4.0,1.0,2.0,2.0
249.9999,5.55333,0.99494,4.0,1.0,2.0,2.0
259.9999,5.55333,0.99558,4.0,2.0,2.0,2.0
269.9999,5.55333,0.99434,4.0,2.0,2.0,2.0
279.9999,5.55333,0.99573,4.0,2.0,2.0,2.0
289.9999,5.55333,0.99576,4.0,2.0,2.0,2.0
299.9999,5.55333,0.99579,4.0,2.0,2.0,2.0
309.9999,5.55333,0.99558,4.0,2.0,2.0,2.0
319.9999,5.55333,0.9958,4.0,2.0,2.0,2.0
329.9999,5.55333,0.99532,4.0,2.0,2.0,2.0
339.9999,5.54,0.9884,4.0,2.0,2.0,2.0
349.9999,5.56,0.99407,4.0,2.0,2.0,2.0
359.9999,5.56,0.99351,4.0,2.0,2.0,2.0
369.9999,5.56,0.99555,4.0,2.0,2.0,2.0
379.9999,5.56,0.99582,4.0,2.0,2.0,2.0
389.9999,5.56,0.99551,4.0,2.0,2.0,2.0
399.9999,5.56,0.99645,4.0,2.0,2.0,2.0
409.9999,5.56,0.99386,4.0,2.0,2.0,2.0
419.9999,5.56,0.9947,4.0,2.0,2.0,2.0
429.9999,5.56,0.99465,4.0,2.0,2.0,2.0
439.9999,5.56,0.99471,4.0,2.0,2.0,2.0
449.9999,5.56,0.9937,4.0,2.0,2.0,2.0
459.9999,5.56,0.99628,4.0,2.0,2.0,2.0
469.9999,5.56,0.99549,4.0,2.0,2.0,2.0
479.9999,5.56,0.99467,4.0,2.0,2.0,2.0
489.9999,5.56,0.99676,4.0,2.0,2.0,2.0
499.9999,5.56,0.99517,4.0,2.0,2.0,2.0
509.9999,5.56,0.99517,4.0,2.0,2.0,2.0
519.9999,5.56,0.99465,4.0,2.0,2.0,2.0
529.9999,5.56,0.99581,4.0,2.0,2.0,2.0
539.9999,5.56,0.99321,4.0,2.0,2.0,2.0
549.9999,5.56,0.99509,4.0,2.0,2.0,2.0
559.9999,5.56,0.99475,4.0,2.0,2.0,2.0
569.9999,5.56,0.99463,4.0,2.0,2.0,2.0
579.9999,5.56,0.99525,4.0,2.0,2.0,2.0
589.9999,5.56,0.99462,4.0,2.0,2.0,2.0
599.9999,5.56,0.99573,4.0,2.0,2.0,2.0
609.9999,5.56,0.99564,4.0,2.0,2.0,2.0
619.9999,5.56,0.99351,4.0,2.0,2.0,2.0
629.9999,5.56,0.99332,4.0,2.0,2.0,2.0
639.9999,5.56,0.99718,4.0,2.0,2.0,2.0
649.9999,5.56,0.99466,4.0,2.0,2.0,2.0
659.9999,5.56,0.99499,4.0,2.0,2.0,2.0
669.9999,5.56,0.99621,4.0,2.0,2.0,2.0
679.9999,5.56,0.99633,4.0,2.0,2.0,2.0
689.9999,5.56,0.9938,4.0,2.0,2.0,2.0
699.9999,5.56,0.99491,4.0,2.0,2.0,2.0
709.9999,5.56,0.99547,4.0,2.0,2.0,2.0
719.9999,5.56,0.99496,4.0,2.0,2.0,2.0
729.9999,5.56,0.9958,4.0,2.0,2.0,2.0
739.9999,5.56,0.99516,4.0,2.0,2.0,2.0
749.9999,5.56,0.99418,4.0,2.0,2.0,2.0
759.9999,5.56,0.9937,4.0,2.0,2.0,2.0
769.9999,5.56,0.99366,4.0,2.0,2.0,2.0
779.9999,5.56,0.9954,4.0,2.0,2.0,2.0
789.9999,5.56,0.99395,4.0,2.0,2.0,2.0
799.9999,5.56,0.99619,4.0,2.0,2.0,2.0
809.9999,5.56,0.99577,4.0,2.0,2.0,2.0
819.9999,5.56,0.99553,4.0,2.0,2.0,2.0
829.9999,5.56,0.99611,4.0,2.0,2.0,2.0
839.9999,5.56,0.99454,4.0,2.0,2.0,2.0
849.9999,5.56,0.99645,4.0,2.0,2.0,2.0
859.9999,5.56,0.99603,4.0,2.0,2.0,2.0
869.9999,5.56,0.99543,4.0,2.0,2.0,2.0
879.9999,5.56,0.99556,4.0,2.0,2.0,2.0
889.9999,5.56,0.99662,4.0,2.0,2.0,2.0
899.9999,5.56,0.99441,4.0,2.0,2.0,2.0
99.9999,5.2733300000000005,0.6699,4.0,0.0,1.0,2.0
109.9999,5.29333,0.7289,4.0,1.0,1.0,2.0
119.9999,5.34667,0.80009,4.0,1.0,1.0,2.0
129.9999,5.36667,0.83854,4.0,1.0,1.0,2.0
139.9999,5.3933300000000015,0.8406399999999999,4.0,1.0,1.0,2.0
149.9999,5.44667,0.91574,4.0,1.0,2.0,2.0
159.9999,5.53333,0.98468,4.0,1.0,2.0,2.0
169.9999,5.54,0.99381,4.0,1.0,2.0,2.0
179.9999,5.53333,0.99236,4.0,1.0,2.0,2.0
189.9999,5.52,0.9835,4.0,1.0,2.0,2.0
199.9999,5.53333,0.99052,4.0,1.0,2.0,2.0
209.9999,5.53333,0.98905,4.0,1.0,2.0,2.0
219.9999,5.55333,0.99584,4.0,1.0,2.0,2.0
229.9999,5.52,0.97751,4.0,1.0,2.0,2.0
239.9999,5.55333,0.99211,4.0,1.0,2.0,2.0
249.9999,5.56,0.99559,4.0,2.0,2.0,2.0
259.9999,5.56,0.996,4.0,2.0,2.0,2.0
269.9999,5.56,0.9926,4.0,2.0,2.0,2.0
279.9999,5.56,0.99645,4.0,2.0,2.0,2.0
289.9999,5.56,0.99535,4.0,2.0,2.0,2.0
299.9999,5.56,0.99556,4.0,2.0,2.0,2.0
309.9999,5.56,0.99422,4.0,2.0,2.0,2.0
319.9999,5.56,0.99494,4.0,2.0,2.0,2.0
329.9999,5.56,0.99574,4.0,2.0,2.0,2.0
339.9999,5.56,0.9951,4.0,2.0,2.0,2.0
349.9999,5.56,0.99463,4.0,2.0,2.0,2.0
359.9999,5.56,0.9937,4.0,2.0,2.0,2.0
369.9999,5.56,0.99409,4.0,2.0,2.0,2.0
379.9999,5.56,0.99491,4.0,2.0,2.0,2.0
389.9999,5.56,0.99428,4.0,2.0,2.0,2.0
399.9999,5.56,0.99357,4.0,2.0,2.0,2.0
409.9999,5.56,0.99507,4.0,2.0,2.0,2.0
419.9999,5.56,0.99628,4.0,2.0,2.0,2.0
429.9999,5.56,0.99416,4.0,2.0,2.0,2.0
439.9999,5.56,0.99533,4.0,2.0,2.0,2.0
449.9999,5.56,0.99314,4.0,2.0,2.0,2.0
459.9999,5.56,0.99474,4.0,2.0,2.0,2.0
469.9999,5.56,0.9954,4.0,2.0,2.0,2.0
479.9999,5.56,0.99515,4.0,2.0,2.0,2.0
489.9999,5.56,0.99266,4.0,2.0,2.0,2.0
499.9999,5.56,0.99247,4.0,2.0,2.0,2.0
509.9999,5.56,0.99603,4.0,2.0,2.0,2.0
519.9999,5.56,0.9942,4.0,2.0,2.0,2.0
529.9999,5.54,0.98792,4.0,2.0,2.0,2.0
539.9999,5.54,0.98802,4.0,2.0,2.0,2.0
549.9999,5.56,0.99051,4.0,2.0,2.0,2.0
559.9999,5.56,0.99417,4.0,2.0,2.0,2.0
569.9999,5.56,0.99407,4.0,2.0,2.0,2.0
579.9999,5.56,0.99575,4.0,2.0,2.0,2.0
589.9999,5.56,0.9951,4.0,2.0,2.0,2.0
599.9999,5.56,0.99239,4.0,2.0,2.0,2.0
609.9999,5.56,0.99349,4.0,2.0,2.0,2.0
619.9999,5.56,0.99595,4.0,2.0,2.0,2.0
629.9999,5.56,0.99407,4.0,2.0,2.0,2.0
639.9999,5.56,0.99448,4.0,2.0,2.0,2.0
649.9999,5.56,0.99562,4.0,2.0,2.0,2.0
659.9999,5.56,0.99603,4.0,2.0,2.0,2.0
669.9999,5.56,0.99387,4.0,2.0,2.0,2.0
679.9999,5.56,0.99348,4.0,2.0,2.0,2.0
689.9999,5.56,0.99524,4.0,2.0,2.0,2.0
699.9999,5.56,0.99524,4.0,2.0,2.0,2.0
709.9999,5.56,0.99414,4.0,2.0,2.0,2.0
719.9999,5.56,0.99621,4.0,2.0,2.0,2.0
729.9999,5.56,0.99629,4.0,2.0,2.0,2.0
739.9999,5.56,0.99307,4.0,2.0,2.0,2.0
749.9999,5.56,0.9953,4.0,2.0,2.0,2.0
759.9999,5.56,0.99202,4.0,2.0,2.0,2.0
769.9999,5.56,0.99522,4.0,2.0,2.0,2.0
779.9999,5.56,0.99427,4.0,2.0,2.0,2.0
789.9999,5.56,0.9955,4.0,2.0,2.0,2.0
799.9999,5.56,0.99485,4.0,2.0,2.0,2.0
809.9999,5.56,0.99514,4.0,2.0,2.0,2.0
819.9999,5.56,0.993,4.0,2.0,2.0,2.0
829.9999,5.56,0.99512,4.0,2.0,2.0,2.0
839.9999,5.56,0.99515,4.0,2.0,2.0,2.0
849.9999,5.56,0.99469,4.0,2.0,2.0,2.0
859.9999,5.56,0.99454,4.0,2.0,2.0,2.0
869.9999,5.56,0.99334,4.0,2.0,2.0,2.0
879.9999,5.56,0.99596,4.0,2.0,2.0,2.0
889.9999,5.56,0.99619,4.0,2.0,2.0,2.0
899.9999,5.56,0.99547,4.0,2.0,2.0,2.0
119.9999,4.92667,0.12963,4.0,1.0,1.0,1.0
139.9999,4.90667,0.13076,4.0,1.0,1.0,1.0
159.9999,4.92,0.14382,4.0,1.0,1.0,1.0
169.9999,4.94,0.13175,4.0,1.0,1.0,1.0
179.9999,4.95333,0.14002,4.0,1.0,1.0,1.0
189.9999,4.94,0.13291,4.0,1.0,1.0,1.0
229.9999,4.98,0.14071,4.0,1.0,1.0,1.0
239.9999,4.96,0.14177,4.0,1.0,1.0,1.0
269.9999,4.96,0.13734000000000002,4.0,1.0,1.0,1.0
299.9999,4.99333,0.13556,4.0,1.0,1.0,1.0
309.9999,4.94,0.12594,4.0,1.0,1.0,1.0
319.9999,4.973330000000002,0.15249,4.0,1.0,1.0,1.0
349.9999,4.986669999999998,0.14825,4.0,1.0,1.0,1.0
359.9999,4.973330000000002,0.14948,4.0,1.0,1.0,1.0
369.9999,5.0,0.13169,4.0,1.0,1.0,1.0
409.9999,4.90667,0.15533,4.0,1.0,1.0,1.0
429.9999,4.94667,0.1244,4.0,1.0,1.0,1.0
439.9999,4.95333,0.15768,4.0,1.0,1.0,1.0
449.9999,4.96667,0.14927,4.0,1.0,1.0,1.0
459.9999,4.96667,0.13535,4.0,1.0,1.0,1.0
479.9999,4.95333,0.14979,4.0,1.0,1.0,1.0
499.9999,4.96,0.13217,4.0,1.0,1.0,1.0
509.9999,4.96,0.15689,4.0,1.0,1.0,1.0
519.9999,4.95333,0.13929,4.0,1.0,1.0,1.0
549.9999,4.92667,0.14232,4.0,1.0,1.0,1.0
559.9999,4.98,0.13972,4.0,1.0,1.0,1.0
569.9999,4.96,0.14128,4.0,1.0,1.0,1.0
579.9999,4.94667,0.14570999999999998,4.0,1.0,1.0,1.0
589.9999,4.94,0.12718,4.0,1.0,1.0,1.0
599.9999,4.92667,0.14173,4.0,1.0,1.0,1.0
609.9999,4.9333300000000015,0.15646,4.0,1.0,1.0,1.0
619.9999,4.90667,0.12972,4.0,1.0,1.0,1.0
629.9999,4.9333300000000015,0.15027,4.0,1.0,1.0,1.0
639.9999,4.98,0.14499,4.0,1.0,1.0,1.0
659.9999,4.95333,0.14355,4.0,1.0,1.0,1.0
669.9999,4.92667,0.14175,4.0,1.0,1.0,1.0
679.9999,4.95333,0.14862,4.0,1.0,1.0,1.0
699.9999,4.94667,0.1363,4.0,1.0,1.0,1.0
729.9999,4.95333,0.15615,4.0,1.0,1.0,1.0
749.9999,4.9333300000000015,0.15138,4.0,1.0,1.0,1.0
769.9999,4.96,0.12664,4.0,1.0,1.0,1.0
779.9999,4.95333,0.14040999999999998,4.0,1.0,1.0,1.0
789.9999,4.95333,0.12709,4.0,1.0,1.0,1.0
809.9999,4.986669999999998,0.10538,4.0,1.0,1.0,1.0
819.9999,4.94,0.14051,4.0,1.0,1.0,1.0
829.9999,4.95333,0.15357,4.0,1.0,1.0,1.0
879.9999,4.973330000000002,0.16763,4.0,1.0,1.0,1.0
109.9999,5.12,0.32329,4.0,1.0,1.0,1.0
139.9999,5.07333,0.30909000000000003,4.0,1.0,1.0,1.0
159.9999,5.11333,0.32936,4.0,1.0,1.0,1.0
169.9999,5.13333,0.34338,4.0,1.0,1.0,1.0
209.9999,5.1066699999999985,0.34106,4.0,1.0,1.0,1.0
219.9999,5.14,0.3331,4.0,1.0,1.0,1.0
229.9999,5.19333,0.33275,4.0,1.0,1.0,1.0
259.9999,5.22,0.3291,4.0,1.0,1.0,1.0
269.9999,5.22,0.31304,4.0,1.0,1.0,1.0
279.9999,5.21333,0.32187,4.0,1.0,1.0,1.0
289.9999,5.21333,0.3132,4.0,1.0,1.0,1.0
299.9999,5.22667,0.30837,4.0,1.0,1.0,1.0
309.9999,5.18,0.28633000000000003,4.0,1.0,1.0,1.0
319.9999,5.16667,0.28562,4.0,1.0,1.0,1.0
329.9999,5.1466699999999985,0.26157,4.0,1.0,1.0,1.0
369.9999,5.18667,0.25779,4.0,1.0,1.0,1.0
399.9999,5.13333,0.2356,4.0,1.0,1.0,1.0
409.9999,5.11333,0.24324,4.0,1.0,1.0,1.0
429.9999,5.16,0.26745,4.0,1.0,1.0,1.0
439.9999,5.14,0.25973,4.0,1.0,1.0,1.0
449.9999,5.11333,0.25302,4.0,1.0,1.0,1.0
529.9999,5.16667,0.25866,4.0,1.0,1.0,1.0
539.9999,5.18,0.24591,4.0,1.0,1.0,1.0
549.9999,5.19333,0.25674,4.0,1.0,1.0,1.0
579.9999,5.1466699999999985,0.2601,4.0,1.0,1.0,1.0
589.9999,5.13333,0.26083,4.0,1.0,1.0,1.0
609.9999,5.11333,0.24958,4.0,1.0,1.0,1.0
639.9999,5.2,0.28222,4.0,1.0,1.0,1.0
649.9999,5.22667,0.28775,4.0,1.0,1.0,1.0
659.9999,5.20667,0.28937,4.0,1.0,1.0,1.0
669.9999,5.1466699999999985,0.27724,4.0,1.0,1.0,1.0
689.9999,5.22667,0.28151,4.0,1.0,1.0,1.0
709.9999,5.2,0.2629,4.0,1.0,1.0,1.0
739.9999,5.16667,0.27569,4.0,1.0,1.0,1.0
769.9999,5.14,0.26668000000000003,4.0,1.0,1.0,1.0
779.9999,5.17333,0.27314,4.0,1.0,1.0,1.0
789.9999,5.19333,0.28074,4.0,1.0,1.0,1.0
819.9999,5.16667,0.25591,4.0,1.0,1.0,1.0
889.9999,5.13333,0.26312,4.0,1.0,1.0,1.0
899.9999,5.16667,0.25941,4.0,1.0,1.0,1.0
99.9999,5.2733300000000005,0.6699,4.0,0.0,1.0,2.0
109.9999,5.29333,0.7289,4.0,1.0,1.0,2.0
119.9999,5.34667,0.80009,4.0,1.0,1.0,2.0
129.9999,5.36667,0.83854,4.0,1.0,1.0,2.0
139.9999,5.3933300000000015,0.8406399999999999,4.0,1.0,1.0,2.0
149.9999,5.44667,0.91574,4.0,1.0,2.0,2.0
159.9999,5.53333,0.98468,4.0,1.0,2.0,2.0
169.9999,5.54,0.99381,4.0,1.0,2.0,2.0
179.9999,5.53333,0.99236,4.0,1.0,2.0,2.0
189.9999,5.52,0.9835,4.0,1.0,2.0,2.0
199.9999,5.53333,0.99052,4.0,1.0,2.0,2.0
209.9999,5.53333,0.98905,4.0,1.0,2.0,2.0
219.9999,5.55333,0.99584,4.0,1.0,2.0,2.0
229.9999,5.52,0.97751,4.0,1.0,2.0,2.0
239.9999,5.55333,0.99211,4.0,1.0,2.0,2.0
249.9999,5.56,0.99559,4.0,2.0,2.0,2.0
259.9999,5.56,0.996,4.0,2.0,2.0,2.0
269.9999,5.56,0.9926,4.0,2.0,2.0,2.0
279.9999,5.56,0.99645,4.0,2.0,2.0,2.0
289.9999,5.56,0.99535,4.0,2.0,2.0,2.0
299.9999,5.56,0.99556,4.0,2.0,2.0,2.0
309.9999,5.56,0.99422,4.0,2.0,2.0,2.0
319.9999,5.56,0.99494,4.0,2.0,2.0,2.0
329.9999,5.56,0.99574,4.0,2.0,2.0,2.0
339.9999,5.56,0.9951,4.0,2.0,2.0,2.0
349.9999,5.56,0.99463,4.0,2.0,2.0,2.0
359.9999,5.56,0.9937,4.0,2.0,2.0,2.0
369.9999,5.56,0.99409,4.0,2.0,2.0,2.0
379.9999,5.56,0.99491,4.0,2.0,2.0,2.0
389.9999,5.56,0.99428,4.0,2.0,2.0,2.0
399.9999,5.56,0.99357,4.0,2.0,2.0,2.0
409.9999,5.56,0.99507,4.0,2.0,2.0,2.0
419.9999,5.56,0.99628,4.0,2.0,2.0,2.0
429.9999,5.56,0.99416,4.0,2.0,2.0,2.0
439.9999,5.56,0.99533,4.0,2.0,2.0,2.0
449.9999,5.56,0.99314,4.0,2.0,2.0,2.0
459.9999,5.56,0.99474,4.0,2.0,2.0,2.0
469.9999,5.56,0.9954,4.0,2.0,2.0,2.0
479.9999,5.56,0.99515,4.0,2.0,2.0,2.0
489.9999,5.56,0.99266,4.0,2.0,2.0,2.0
499.9999,5.56,0.99247,4.0,2.0,2.0,2.0
509.9999,5.56,0.99603,4.0,2.0,2.0,2.0
519.9999,5.56,0.9942,4.0,2.0,2.0,2.0
529.9999,5.54,0.98792,4.0,2.0,2.0,2.0
539.9999,5.54,0.98802,4.0,2.0,2.0,2.0
549.9999,5.56,0.99051,4.0,2.0,2.0,2.0
559.9999,5.56,0.99417,4.0,2.0,2.0,2.0
569.9999,5.56,0.99407,4.0,2.0,2.0,2.0
579.9999,5.56,0.99575,4.0,2.0,2.0,2.0
589.9999,5.56,0.9951,4.0,2.0,2.0,2.0
599.9999,5.56,0.99239,4.0,2.0,2.0,2.0
609.9999,5.56,0.99349,4.0,2.0,2.0,2.0
619.9999,5.56,0.99595,4.0,2.0,2.0,2.0
629.9999,5.56,0.99407,4.0,2.0,2.0,2.0
639.9999,5.56,0.99448,4.0,2.0,2.0,2.0
649.9999,5.56,0.99562,4.0,2.0,2.0,2.0
659.9999,5.56,0.99603,4.0,2.0,2.0,2.0
669.9999,5.56,0.99387,4.0,2.0,2.0,2.0
679.9999,5.56,0.99348,4.0,2.0,2.0,2.0
689.9999,5.56,0.99524,4.0,2.0,2.0,2.0
699.9999,5.56,0.99524,4.0,2.0,2.0,2.0
709.9999,5.56,0.99414,4.0,2.0,2.0,2.0
719.9999,5.56,0.99621,4.0,2.0,2.0,2.0
729.9999,5.56,0.99629,4.0,2.0,2.0,2.0
739.9999,5.56,0.99307,4.0,2.0,2.0,2.0
749.9999,5.56,0.9953,4.0,2.0,2.0,2.0
759.9999,5.56,0.99202,4.0,2.0,2.0,2.0
769.9999,5.56,0.99522,4.0,2.0,2.0,2.0
779.9999,5.56,0.99427,4.0,2.0,2.0,2.0
789.9999,5.56,0.9955,4.0,2.0,2.0,2.0
799.9999,5.56,0.99485,4.0,2.0,2.0,2.0
809.9999,5.56,0.99514,4.0,2.0,2.0,2.0
819.9999,5.56,0.993,4.0,2.0,2.0,2.0
829.9999,5.56,0.99512,4.0,2.0,2.0,2.0
839.9999,5.56,0.99515,4.0,2.0,2.0,2.0
849.9999,5.56,0.99469,4.0,2.0,2.0,2.0
859.9999,5.56,0.99454,4.0,2.0,2.0,2.0
869.9999,5.56,0.99334,4.0,2.0,2.0,2.0
879.9999,5.56,0.99596,4.0,2.0,2.0,2.0
889.9999,5.56,0.99619,4.0,2.0,2.0,2.0
899.9999,5.56,0.99547,4.0,2.0,2.0,2.0
109.9999,5.3,0.43226,4.0,1.0,1.0,1.0
139.9999,5.3,0.42847,4.0,1.0,1.0,1.0
149.9999,5.25333,0.44453,4.0,1.0,1.0,1.0
199.9999,5.26667,0.4481600000000001,4.0,1.0,1.0,1.0
209.9999,5.3,0.46683,4.0,1.0,1.0,1.0
219.9999,5.2733300000000005,0.45673,4.0,1.0,1.0,1.0
229.9999,5.26667,0.44533,4.0,1.0,1.0,1.0
239.9999,5.28,0.44119,4.0,1.0,1.0,1.0
309.9999,5.28,0.44752,4.0,1.0,1.0,1.0
319.9999,5.2733300000000005,0.46261,4.0,1.0,1.0,1.0
339.9999,5.2733300000000005,0.46734,4.0,1.0,1.0,1.0
379.9999,5.29333,0.46569,4.0,1.0,1.0,1.0
409.9999,5.28,0.47706,4.0,1.0,1.0,1.0
419.9999,5.2733300000000005,0.46292,4.0,1.0,1.0,1.0
439.9999,5.3,0.45193,4.0,1.0,1.0,1.0
449.9999,5.28667,0.45398,4.0,1.0,1.0,1.0
459.9999,5.28,0.46358,4.0,1.0,1.0,1.0
479.9999,5.2733300000000005,0.45153,4.0,1.0,1.0,1.0
489.9999,5.26667,0.45124,4.0,1.0,1.0,1.0
509.9999,5.28,0.4533,4.0,1.0,1.0,1.0
549.9999,5.29333,0.45878,4.0,1.0,1.0,1.0
559.9999,5.28667,0.46322,4.0,1.0,1.0,1.0
579.9999,5.28667,0.46512,4.0,1.0,1.0,1.0
639.9999,5.28,0.46568,4.0,1.0,1.0,1.0
649.9999,5.28,0.46115,4.0,1.0,1.0,1.0
669.9999,5.28,0.45311,4.0,1.0,1.0,1.0
679.9999,5.26667,0.45477,4.0,1.0,1.0,1.0
699.9999,5.2733300000000005,0.47071,4.0,1.0,1.0,1.0
739.9999,5.28667,0.45805,4.0,1.0,1.0,1.0
749.9999,5.2733300000000005,0.46873,4.0,1.0,1.0,1.0
769.9999,5.28667,0.4494,4.0,1.0,1.0,1.0
779.9999,5.28,0.45636,4.0,1.0,1.0,1.0
789.9999,5.28,0.45847,4.0,1.0,1.0,1.0
819.9999,5.2733300000000005,0.4656,4.0,1.0,1.0,1.0
859.9999,5.28,0.45759,4.0,1.0,1.0,1.0
879.9999,5.2733300000000005,0.46027,4.0,1.0,1.0,1.0
99.9999,5.40667,0.92968,4.0,0.0,2.0,2.0
109.9999,5.52,0.99513,4.0,1.0,2.0,2.0
119.9999,5.52,0.99574,4.0,1.0,2.0,2.0
129.9999,5.52,0.98978,4.0,1.0,2.0,2.0
139.9999,5.52,0.99537,4.0,1.0,2.0,2.0
149.9999,5.52,0.99286,4.0,1.0,2.0,2.0
159.9999,5.52,0.99427,4.0,1.0,2.0,2.0
169.9999,5.50667,0.98518,4.0,1.0,2.0,2.0
179.9999,5.526669999999998,0.99494,4.0,1.0,2.0,2.0
189.9999,5.526669999999998,0.99589,4.0,1.0,2.0,2.0
199.9999,5.526669999999998,0.99244,4.0,2.0,2.0,2.0
209.9999,5.526669999999998,0.99317,4.0,2.0,2.0,2.0
219.9999,5.526669999999998,0.99635,4.0,2.0,2.0,2.0
229.9999,5.526669999999998,0.99241,4.0,2.0,2.0,2.0
239.9999,5.526669999999998,0.99331,4.0,2.0,2.0,2.0
249.9999,5.526669999999998,0.99512,4.0,2.0,2.0,2.0
259.9999,5.526669999999998,0.99623,4.0,2.0,2.0,2.0
269.9999,5.50667,0.98618,4.0,2.0,2.0,2.0
279.9999,5.526669999999998,0.99224,4.0,2.0,2.0,2.0
289.9999,5.526669999999998,0.9946,4.0,2.0,2.0,2.0
299.9999,5.526669999999998,0.99324,4.0,2.0,2.0,2.0
309.9999,5.526669999999998,0.99584,4.0,2.0,2.0,2.0
319.9999,5.526669999999998,0.99176,4.0,2.0,2.0,2.0
329.9999,5.526669999999998,0.99267,4.0,2.0,2.0,2.0
339.9999,5.526669999999998,0.99567,4.0,2.0,2.0,2.0
349.9999,5.526669999999998,0.9952,4.0,2.0,2.0,2.0
359.9999,5.526669999999998,0.99397,4.0,2.0,2.0,2.0
369.9999,5.526669999999998,0.99351,4.0,2.0,2.0,2.0
379.9999,5.526669999999998,0.99261,4.0,2.0,2.0,2.0
389.9999,5.526669999999998,0.9946,4.0,2.0,2.0,2.0
399.9999,5.526669999999998,0.99281,4.0,2.0,2.0,2.0
409.9999,5.526669999999998,0.99519,4.0,2.0,2.0,2.0
419.9999,5.526669999999998,0.99606,4.0,2.0,2.0,2.0
429.9999,5.526669999999998,0.99374,4.0,2.0,2.0,2.0
439.9999,5.526669999999998,0.99593,4.0,2.0,2.0,2.0
449.9999,5.526669999999998,0.99275,4.0,2.0,2.0,2.0
459.9999,5.526669999999998,0.99395,4.0,2.0,2.0,2.0
469.9999,5.526669999999998,0.99244,4.0,2.0,2.0,2.0
479.9999,5.526669999999998,0.99485,4.0,2.0,2.0,2.0
489.9999,5.526669999999998,0.99391,4.0,2.0,2.0,2.0
499.9999,5.526669999999998,0.99518,4.0,2.0,2.0,2.0
509.9999,5.526669999999998,0.99275,4.0,2.0,2.0,2.0
519.9999,5.526669999999998,0.99494,4.0,2.0,2.0,2.0
529.9999,5.526669999999998,0.99511,4.0,2.0,2.0,2.0
539.9999,5.52,0.99037,4.0,2.0,2.0,2.0
549.9999,5.526669999999998,0.99459,4.0,2.0,2.0,2.0
559.9999,5.526669999999998,0.99544,4.0,2.0,2.0,2.0
569.9999,5.526669999999998,0.99468,4.0,2.0,2.0,2.0
579.9999,5.526669999999998,0.99539,4.0,2.0,2.0,2.0
589.9999,5.526669999999998,0.99529,4.0,2.0,2.0,2.0
599.9999,5.526669999999998,0.99467,4.0,2.0,2.0,2.0
609.9999,5.526669999999998,0.99256,4.0,2.0,2.0,2.0
619.9999,5.526669999999998,0.99445,4.0,2.0,2.0,2.0
629.9999,5.526669999999998,0.99504,4.0,2.0,2.0,2.0
639.9999,5.526669999999998,0.99415,4.0,2.0,2.0,2.0
649.9999,5.526669999999998,0.99432,4.0,2.0,2.0,2.0
659.9999,5.526669999999998,0.99223,4.0,2.0,2.0,2.0
669.9999,5.526669999999998,0.99121,4.0,2.0,2.0,2.0
679.9999,5.526669999999998,0.99399,4.0,2.0,2.0,2.0
689.9999,5.50667,0.98843,4.0,2.0,2.0,2.0
699.9999,5.526669999999998,0.99395,4.0,2.0,2.0,2.0
709.9999,5.526669999999998,0.99209,4.0,2.0,2.0,2.0
719.9999,5.50667,0.98832,4.0,2.0,2.0,2.0
729.9999,5.526669999999998,0.99177,4.0,2.0,2.0,2.0
739.9999,5.526669999999998,0.99453,4.0,2.0,2.0,2.0
749.9999,5.526669999999998,0.99365,4.0,2.0,2.0,2.0
759.9999,5.526669999999998,0.99475,4.0,2.0,2.0,2.0
769.9999,5.526669999999998,0.99111,4.0,2.0,2.0,2.0
779.9999,5.526669999999998,0.99065,4.0,2.0,2.0,2.0
789.9999,5.526669999999998,0.99325,4.0,2.0,2.0,2.0
799.9999,5.526669999999998,0.99224,4.0,2.0,2.0,2.0
809.9999,5.526669999999998,0.99473,4.0,2.0,2.0,2.0
819.9999,5.526669999999998,0.99115,4.0,2.0,2.0,2.0
829.9999,5.526669999999998,0.99477,4.0,2.0,2.0,2.0
839.9999,5.50667,0.98887,4.0,2.0,2.0,2.0
849.9999,5.52,0.99393,4.0,2.0,2.0,2.0
859.9999,5.50667,0.98967,4.0,2.0,2.0,2.0
869.9999,5.526669999999998,0.99563,4.0,2.0,2.0,2.0
879.9999,5.526669999999998,0.99385,4.0,2.0,2.0,2.0
889.9999,5.526669999999998,0.99532,4.0,2.0,2.0,2.0
899.9999,5.526669999999998,0.99594,4.0,2.0,2.0,2.0
99.9999,5.22,0.61338,4.0,0.0,1.0,2.0
109.9999,5.28,0.6991,4.0,1.0,1.0,2.0
119.9999,5.4333300000000015,0.8324799999999999,4.0,1.0,1.0,2.0
129.9999,5.5,0.92883,4.0,1.0,2.0,2.0
139.9999,5.53333,0.98648,4.0,1.0,2.0,2.0
149.9999,5.54667,0.99091,4.0,1.0,2.0,2.0
159.9999,5.56,0.99483,4.0,1.0,2.0,2.0
169.9999,5.56,0.98998,4.0,1.0,2.0,2.0
179.9999,5.54,0.98857,4.0,1.0,2.0,2.0
189.9999,5.53333,0.9902,4.0,1.0,2.0,2.0
199.9999,5.55333,0.99466,4.0,1.0,2.0,2.0
209.9999,5.55333,0.99476,4.0,1.0,2.0,2.0
219.9999,5.55333,0.99482,4.0,1.0,2.0,2.0
229.9999,5.55333,0.99338,4.0,2.0,2.0,2.0
239.9999,5.55333,0.99326,4.0,2.0,2.0,2.0
249.9999,5.55333,0.99565,4.0,2.0,2.0,2.0
259.9999,5.55333,0.99572,4.0,2.0,2.0,2.0
269.9999,5.55333,0.99213,4.0,2.0,2.0,2.0
279.9999,5.55333,0.99581,4.0,2.0,2.0,2.0
289.9999,5.55333,0.9938,4.0,2.0,2.0,2.0
299.9999,5.53333,0.9863,4.0,2.0,2.0,2.0
309.9999,5.53333,0.9864,4.0,2.0,2.0,2.0
319.9999,5.53333,0.98807,4.0,2.0,2.0,2.0
329.9999,5.55333,0.99384,4.0,2.0,2.0,2.0
339.9999,5.55333,0.99512,4.0,2.0,2.0,2.0
349.9999,5.55333,0.99581,4.0,2.0,2.0,2.0
359.9999,5.55333,0.99277,4.0,2.0,2.0,2.0
369.9999,5.55333,0.99526,4.0,2.0,2.0,2.0
379.9999,5.55333,0.99535,4.0,2.0,2.0,2.0
389.9999,5.55333,0.99496,4.0,2.0,2.0,2.0
399.9999,5.55333,0.99507,4.0,2.0,2.0,2.0
409.9999,5.55333,0.99122,4.0,2.0,2.0,2.0
419.9999,5.55333,0.99529,4.0,2.0,2.0,2.0
429.9999,5.55333,0.99229,4.0,2.0,2.0,2.0
439.9999,5.55333,0.99642,4.0,2.0,2.0,2.0
449.9999,5.55333,0.99516,4.0,2.0,2.0,2.0
459.9999,5.53333,0.98845,4.0,2.0,2.0,2.0
469.9999,5.55333,0.99246,4.0,2.0,2.0,2.0
479.9999,5.55333,0.99464,4.0,2.0,2.0,2.0
489.9999,5.55333,0.99498,4.0,2.0,2.0,2.0
499.9999,5.55333,0.99406,4.0,2.0,2.0,2.0
509.9999,5.55333,0.99335,4.0,2.0,2.0,2.0
519.9999,5.54667,0.99172,4.0,2.0,2.0,2.0
529.9999,5.55333,0.996,4.0,2.0,2.0,2.0
539.9999,5.55333,0.99578,4.0,2.0,2.0,2.0
549.9999,5.55333,0.99584,4.0,2.0,2.0,2.0
559.9999,5.55333,0.9961,4.0,2.0,2.0,2.0
569.9999,5.53333,0.98837,4.0,2.0,2.0,2.0
579.9999,5.53333,0.98957,4.0,2.0,2.0,2.0
589.9999,5.55333,0.9912,4.0,2.0,2.0,2.0
599.9999,5.55333,0.9946,4.0,2.0,2.0,2.0
609.9999,5.53333,0.98763,4.0,2.0,2.0,2.0
619.9999,5.54,0.98743,4.0,2.0,2.0,2.0
629.9999,5.56,0.99631,4.0,2.0,2.0,2.0
639.9999,5.56,0.99615,4.0,2.0,2.0,2.0
649.9999,5.56,0.99343,4.0,2.0,2.0,2.0
659.9999,5.54,0.98799,4.0,2.0,2.0,2.0
669.9999,5.54,0.9859,4.0,2.0,2.0,2.0
679.9999,5.55333,0.99126,4.0,2.0,2.0,2.0
689.9999,5.56,0.9925,4.0,2.0,2.0,2.0
699.9999,5.54,0.98979,4.0,2.0,2.0,2.0
709.9999,5.56,0.9966,4.0,2.0,2.0,2.0
719.9999,5.56,0.99463,4.0,2.0,2.0,2.0
729.9999,5.56,0.99569,4.0,2.0,2.0,2.0
739.9999,5.54,0.98931,4.0,2.0,2.0,2.0
749.9999,5.53333,0.98617,4.0,2.0,2.0,2.0
759.9999,5.55333,0.99435,4.0,2.0,2.0,2.0
769.9999,5.55333,0.99669,4.0,2.0,2.0,2.0
779.9999,5.55333,0.99558,4.0,2.0,2.0,2.0
789.9999,5.55333,0.99357,4.0,2.0,2.0,2.0
799.9999,5.55333,0.99252,4.0,2.0,2.0,2.0
809.9999,5.55333,0.99472,4.0,2.0,2.0,2.0
819.9999,5.55333,0.99618,4.0,2.0,2.0,2.0
829.9999,5.55333,0.99456,4.0,2.0,2.0,2.0
839.9999,5.55333,0.99353,4.0,2.0,2.0,2.0
849.9999,5.55333,0.99681,4.0,2.0,2.0,2.0
859.9999,5.55333,0.99576,4.0,2.0,2.0,2.0
869.9999,5.55333,0.99508,4.0,2.0,2.0,2.0
879.9999,5.53333,0.98557,4.0,2.0,2.0,2.0
889.9999,5.53333,0.9897,4.0,2.0,2.0,2.0
899.9999,5.53333,0.98873,4.0,2.0,2.0,2.0
99.9999,1.72667,0.06695,1.0,0.0,0.0,0.0
104.9999,1.67333,0.0543,1.0,0.0,0.0,0.0
109.9999,1.55333,0.01216,1.0,0.0,0.0,0.0
114.9999,1.73333,0.03636,1.0,0.0,0.0,0.0
124.9999,1.62667,0.12471,1.0,0.0,0.0,0.0
129.9999,1.68667,0.03979,1.0,0.0,0.0,0.0
134.9999,1.68667,0.1154,1.0,0.0,0.0,0.0
144.9999,1.71333,0.05644,1.0,0.0,0.0,0.0
149.9999,1.76667,0.05454,1.0,0.0,0.0,0.0
154.9999,1.7466700000000002,0.03989,1.0,0.0,0.0,0.0
159.9999,1.78667,0.01977,1.0,0.0,0.0,0.0
164.9999,1.46667,0.03272,1.0,0.0,0.0,0.0
169.9999,1.59333,0.01504,1.0,0.0,0.0,0.0
174.9999,1.63333,0.056129999999999985,1.0,0.0,0.0,0.0
179.9999,1.66,0.032389999999999995,1.0,0.0,0.0,0.0
189.9999,1.64,0.01702,1.0,0.0,0.0,0.0
194.9999,1.66,0.05483,1.0,0.0,0.0,0.0
209.9999,1.4933299999999998,0.07532,1.0,0.0,0.0,0.0
224.9999,1.6,0.12107,1.0,0.0,0.0,0.0
229.9999,1.63333,0.05873,1.0,0.0,0.0,0.0
234.9999,1.53333,0.11087,1.0,0.0,0.0,0.0
249.9999,1.64667,0.036160000000000005,1.0,0.0,0.0,0.0
264.9999,1.66,0.09781,1.0,0.0,0.0,0.0
269.9999,1.59333,0.02223,1.0,0.0,0.0,0.0
274.9999,1.52,0.006790000000000001,1.0,0.0,0.0,0.0
284.9999,1.79333,0.07341,1.0,0.0,0.0,0.0
289.9999,1.63333,0.04347,1.0,0.0,0.0,0.0
294.9999,1.7,0.03728,1.0,0.0,0.0,0.0
299.9999,1.59333,0.05209,1.0,0.0,0.0,0.0
304.9999,1.60667,0.07745,1.0,0.0,0.0,0.0
309.9999,1.61333,0.01596,1.0,0.0,0.0,0.0
324.9999,1.63333,0.06567,1.0,0.0,0.0,0.0
329.9999,1.53333,0.05998,1.0,0.0,0.0,0.0
334.9999,1.56667,0.05962000000000001,1.0,0.0,0.0,0.0
339.9999,1.69333,0.05594,1.0,0.0,0.0,0.0
344.9999,1.5066700000000002,0.04825,1.0,0.0,0.0,0.0
349.9999,1.60667,0.054110000000000005,1.0,0.0,0.0,0.0
354.9999,1.53333,0.01135,1.0,0.0,0.0,0.0
364.9999,1.61333,0.0252,1.0,0.0,0.0,0.0
374.9999,1.61333,0.04737,1.0,0.0,0.0,0.0
379.9999,1.66667,0.03596,1.0,0.0,0.0,0.0
384.9999,1.76667,0.01065,1.0,0.0,0.0,0.0
389.9999,1.73333,0.03348,1.0,0.0,0.0,0.0
394.9999,1.70667,0.05988,1.0,0.0,0.0,0.0
414.9999,1.62667,0.06694,1.0,0.0,0.0,0.0
419.9999,1.68,0.02362,1.0,0.0,0.0,0.0
424.9999,1.6,0.07009,1.0,0.0,0.0,0.0
439.9999,1.72,0.05331,1.0,0.0,0.0,0.0
444.9999,1.64667,0.01718,1.0,0.0,0.0,0.0
459.9999,1.7,0.13477,1.0,0.0,0.0,0.0
469.9999,1.6,0.06011,1.0,0.0,0.0,0.0
474.9999,1.62,0.02242,1.0,0.0,0.0,0.0
494.9999,1.62667,0.00427,1.0,0.0,0.0,0.0
534.9999,1.66,0.07521,1.0,0.0,0.0,0.0
549.9999,1.62,0.1501,1.0,0.0,0.0,0.0
554.9999,1.66667,0.09571,1.0,0.0,0.0,0.0
559.9999,1.70667,0.04195,1.0,0.0,0.0,0.0
564.9999,1.66667,0.03905,1.0,0.0,0.0,0.0
569.9999,1.54667,0.05574,1.0,0.0,0.0,0.0
579.9999,1.65333,0.03867,1.0,0.0,0.0,0.0
584.9999,1.72667,0.05915,1.0,0.0,0.0,0.0
594.9999,1.58,0.032060000000000005,1.0,0.0,0.0,0.0
599.9999,1.64667,0.10587,1.0,0.0,0.0,0.0
604.9999,1.72,0.07351,1.0,0.0,0.0,0.0
614.9999,1.68667,0.02794,1.0,0.0,0.0,0.0
624.9999,1.78667,0.02969,1.0,0.0,0.0,0.0
629.9999,1.58667,0.06788999999999999,1.0,0.0,0.0,0.0
634.9999,1.86,0.06558,1.0,0.0,0.0,0.0
654.9999,1.76667,0.04935,1.0,0.0,0.0,0.0
664.9999,1.76667,0.07959,1.0,0.0,0.0,0.0
674.9999,1.58,0.03338,1.0,0.0,0.0,0.0
679.9999,1.74,0.07771,1.0,0.0,0.0,0.0
694.9999,1.76,0.05598,1.0,0.0,0.0,0.0
699.9999,1.74,0.05284,1.0,0.0,0.0,0.0
704.9999,1.91333,0.10997,1.0,0.0,0.0,0.0
709.9999,1.84667,0.03675,1.0,0.0,0.0,0.0
724.9999,1.68,0.03367,1.0,0.0,0.0,0.0
729.9999,1.56667,0.07095,1.0,0.0,0.0,0.0
734.9999,1.68,0.03817,1.0,0.0,0.0,0.0
739.9999,1.73333,0.054810000000000005,1.0,0.0,0.0,0.0
749.9999,1.73333,0.0827,1.0,0.0,0.0,0.0
764.9999,1.72,0.02018,1.0,0.0,0.0,0.0
774.9999,1.8,0.08784,1.0,0.0,0.0,0.0
784.9999,1.72667,0.04511,1.0,0.0,0.0,0.0
789.9999,1.79333,0.04968,1.0,0.0,0.0,0.0
794.9999,1.74,0.036910000000000005,1.0,0.0,0.0,0.0
799.9999,1.84,0.11321,1.0,0.0,0.0,0.0
809.9999,1.7466700000000002,0.06455,1.0,0.0,0.0,0.0
814.9999,1.83333,0.07662000000000001,1.0,0.0,0.0,0.0
819.9999,1.66,0.034789999999999995,1.0,0.0,0.0,0.0
834.9999,1.71333,0.03257,1.0,0.0,0.0,0.0
839.9999,1.59333,0.04216,1.0,0.0,0.0,0.0
844.9999,1.73333,0.08868999999999999,1.0,0.0,0.0,0.0
849.9999,1.66667,0.06566,1.0,0.0,0.0,0.0
854.9999,1.88,0.04377,1.0,0.0,0.0,0.0
859.9999,1.7,0.01485,1.0,0.0,0.0,0.0
864.9999,1.58,0.0305,1.0,0.0,0.0,0.0
879.9999,1.71333,0.02329,1.0,0.0,0.0,0.0
889.9999,1.92667,0.1421,1.0,0.0,0.0,0.0
894.9999,1.84667,0.06849,1.0,0.0,0.0,0.0
99.9999,3.32667,0.39626,1.0,2.0,0.0,0.0
109.9999,3.18,0.41642,1.0,1.0,0.0,0.0
114.9999,3.23333,0.3904,1.0,1.0,0.0,0.0
124.9999,3.06,0.3062,1.0,1.0,0.0,0.0
139.9999,3.05333,0.29058,1.0,1.0,0.0,0.0
144.9999,2.80667,0.27415,1.0,1.0,0.0,0.0
164.9999,2.32667,0.16492,1.0,1.0,0.0,0.0
169.9999,2.58667,0.2542,1.0,0.0,0.0,0.0
174.9999,2.55333,0.16122,1.0,0.0,0.0,0.0
194.9999,2.4,0.14697000000000002,1.0,0.0,0.0,0.0
199.9999,2.38667,0.08413,1.0,0.0,0.0,0.0
204.9999,2.35333,0.09861,1.0,0.0,0.0,0.0
214.9999,2.26,0.04147,1.0,0.0,0.0,0.0
219.9999,2.19333,0.02731,1.0,0.0,0.0,0.0
224.9999,2.12,0.11331,1.0,0.0,0.0,0.0
229.9999,2.1266700000000003,0.08002000000000001,1.0,0.0,0.0,0.0
239.9999,2.07333,0.03191,1.0,0.0,0.0,0.0
264.9999,2.22667,0.09338,1.0,0.0,0.0,0.0
279.9999,1.92,0.0494,1.0,0.0,0.0,0.0
289.9999,1.89333,0.03185,1.0,0.0,0.0,0.0
294.9999,2.0,0.08616,1.0,0.0,0.0,0.0
299.9999,1.85333,0.04184,1.0,0.0,0.0,0.0
304.9999,1.94,0.06167,1.0,0.0,0.0,0.0
309.9999,1.9,0.06348,1.0,0.0,0.0,0.0
314.9999,1.95333,0.04563,1.0,0.0,0.0,0.0
319.9999,1.99333,0.053020000000000005,1.0,0.0,0.0,0.0
329.9999,1.87333,0.044160000000000005,1.0,0.0,0.0,0.0
339.9999,1.97333,0.04088,1.0,0.0,0.0,0.0
344.9999,1.90667,0.07282999999999999,1.0,0.0,0.0,0.0
349.9999,1.92,0.05821000000000001,1.0,0.0,0.0,0.0
354.9999,1.83333,0.08901,1.0,0.0,0.0,0.0
364.9999,1.84,0.01878,1.0,0.0,0.0,0.0
379.9999,1.79333,0.02997,1.0,0.0,0.0,0.0
389.9999,1.83333,0.08034,1.0,0.0,0.0,0.0
399.9999,1.8,0.09196,1.0,0.0,0.0,0.0
99.9999,1.46,0.0379,1.0,0.0,0.0,0.0
109.9999,1.4,0.01836,1.0,0.0,0.0,0.0
119.9999,1.52,0.06101,1.0,0.0,0.0,0.0
129.9999,1.56667,0.04935,1.0,0.0,0.0,0.0
139.9999,1.48,0.031580000000000004,1.0,0.0,0.0,0.0
169.9999,1.44667,0.0463,1.0,0.0,0.0,0.0
179.9999,1.38667,0.03482,1.0,0.0,0.0,0.0
189.9999,1.44667,0.053320000000000006,1.0,0.0,0.0,0.0
199.9999,1.5133299999999998,0.04149,1.0,0.0,0.0,0.0
219.9999,1.44,0.09212,1.0,0.0,0.0,0.0
239.9999,1.5133299999999998,0.03123,1.0,0.0,0.0,0.0
249.9999,1.48,0.0829,1.0,0.0,0.0,0.0
289.9999,1.5133299999999998,0.0142,1.0,0.0,0.0,0.0
329.9999,1.57333,0.02333,1.0,0.0,0.0,0.0
339.9999,1.42,0.10248,1.0,0.0,0.0,0.0
369.9999,1.36,0.04307,1.0,0.0,0.0,0.0
379.9999,1.43333,0.05701000000000001,1.0,0.0,0.0,0.0
389.9999,1.5,0.10611,1.0,0.0,0.0,0.0
399.9999,1.47333,0.11337,1.0,0.0,0.0,0.0
409.9999,1.44,0.04769,1.0,0.0,0.0,0.0
419.9999,1.41333,0.05149,1.0,0.0,0.0,0.0
439.9999,1.56,0.03853,1.0,0.0,0.0,0.0
459.9999,1.41333,0.03048,1.0,0.0,0.0,0.0
479.9999,1.34,0.05311,1.0,0.0,0.0,0.0
489.9999,1.45333,0.02032,1.0,0.0,0.0,0.0
499.9999,1.42,0.007109999999999998,1.0,0.0,0.0,0.0
509.9999,1.52,0.12479,1.0,0.0,0.0,0.0
519.9999,1.43333,0.08819,1.0,0.0,0.0,0.0
549.9999,1.5066700000000002,0.08209,1.0,0.0,0.0,0.0
559.9999,1.42,0.033030000000000004,1.0,0.0,0.0,0.0
589.9999,1.55333,0.07147,1.0,0.0,0.0,0.0
599.9999,1.42667,0.03411,1.0,0.0,0.0,0.0
649.9999,1.5066700000000002,0.04502,1.0,0.0,0.0,0.0
669.9999,1.38,0.07754,1.0,0.0,0.0,0.0
689.9999,1.4866700000000002,0.05351,1.0,0.0,0.0,0.0
729.9999,1.41333,0.02835,1.0,0.0,0.0,0.0
759.9999,1.46,0.01826,1.0,0.0,0.0,0.0
769.9999,1.5066700000000002,0.03687,1.0,0.0,0.0,0.0
799.9999,1.5133299999999998,0.01217,1.0,0.0,0.0,0.0
819.9999,1.30667,0.03096,1.0,0.0,0.0,0.0
829.9999,1.42667,0.02138,1.0,0.0,0.0,0.0
839.9999,1.42,0.1029,1.0,0.0,0.0,0.0
859.9999,1.4,0.02594,1.0,0.0,0.0,0.0
869.9999,1.34,0.04801,1.0,0.0,0.0,0.0
879.9999,1.54,0.10367,1.0,0.0,0.0,0.0
109.9999,1.46,0.04386,1.0,0.0,0.0,0.0
129.9999,1.52,0.03953,1.0,0.0,0.0,0.0
139.9999,1.56,0.07007999999999999,1.0,0.0,0.0,0.0
149.9999,1.55333,0.08498,1.0,0.0,0.0,0.0
159.9999,1.54,0.052070000000000005,1.0,0.0,0.0,0.0
179.9999,1.5133299999999998,0.06329,1.0,0.0,0.0,0.0
209.9999,1.40667,0.05339,1.0,0.0,0.0,0.0
249.9999,1.47333,0.09248,1.0,0.0,0.0,0.0
259.9999,1.58,0.09722,1.0,0.0,0.0,0.0
269.9999,1.47333,0.00113,1.0,0.0,0.0,0.0
279.9999,1.54,0.07952000000000001,1.0,0.0,0.0,0.0
289.9999,1.52,0.04129,1.0,0.0,0.0,0.0
299.9999,1.38,0.03898,1.0,0.0,0.0,0.0
309.9999,1.56,0.04205,1.0,0.0,0.0,0.0
319.9999,1.5066700000000002,0.02078,1.0,0.0,0.0,0.0
329.9999,1.5066700000000002,0.0739,1.0,0.0,0.0,0.0
359.9999,1.54,0.02511,1.0,0.0,0.0,0.0
369.9999,1.39333,0.03014,1.0,0.0,0.0,0.0
389.9999,1.38667,0.055520000000000014,1.0,0.0,0.0,0.0
429.9999,1.52,0.07172,1.0,0.0,0.0,0.0
439.9999,1.44667,0.056060000000000006,1.0,0.0,0.0,0.0
479.9999,1.52667,0.0234,1.0,0.0,0.0,0.0
499.9999,1.4,0.02111,1.0,0.0,0.0,0.0
519.9999,1.68667,0.10114,1.0,0.0,0.0,0.0
549.9999,1.36,0.04583,1.0,0.0,0.0,0.0
559.9999,1.47333,0.01261,1.0,0.0,0.0,0.0
589.9999,1.46667,0.03132,1.0,0.0,0.0,0.0
609.9999,1.53333,0.07614,1.0,0.0,0.0,0.0
619.9999,1.54667,0.01909,1.0,0.0,0.0,0.0
629.9999,1.47333,0.05271,1.0,0.0,0.0,0.0
639.9999,1.56,0.05122,1.0,0.0,0.0,0.0
669.9999,1.46667,0.03915,1.0,0.0,0.0,0.0
679.9999,1.54667,0.05741,1.0,0.0,0.0,0.0
709.9999,1.5,0.0171,1.0,0.0,0.0,0.0
729.9999,1.54667,0.00647,1.0,0.0,0.0,0.0
739.9999,1.5133299999999998,0.09322,1.0,0.0,0.0,0.0
759.9999,1.40667,0.04288,1.0,0.0,0.0,0.0
779.9999,1.44667,0.02817,1.0,0.0,0.0,0.0
789.9999,1.40667,0.03547,1.0,0.0,0.0,0.0
799.9999,1.54667,0.02112,1.0,0.0,0.0,0.0
809.9999,1.35333,0.06147,1.0,0.0,0.0,0.0
819.9999,1.55333,0.10255,1.0,0.0,0.0,0.0
839.9999,1.5133299999999998,0.0851,1.0,0.0,0.0,0.0
859.9999,1.42667,0.049510000000000005,1.0,0.0,0.0,0.0
879.9999,1.46,0.05076,1.0,0.0,0.0,0.0
99.9999,1.46667,0.07019,1.0,0.0,0.0,0.0
119.9999,1.5066700000000002,0.03451,1.0,0.0,0.0,0.0
129.9999,1.61333,0.09999,1.0,0.0,0.0,0.0
169.9999,1.72667,0.05607,1.0,0.0,0.0,0.0
179.9999,1.72667,0.03772,1.0,0.0,0.0,0.0
189.9999,1.76,0.11235,1.0,0.0,0.0,0.0
209.9999,1.58,0.03805,1.0,0.0,0.0,0.0
219.9999,1.6,0.04858,1.0,0.0,0.0,0.0
239.9999,1.78667,0.08106000000000001,1.0,0.0,0.0,0.0
249.9999,1.74,0.08709,1.0,0.0,0.0,0.0
259.9999,1.68667,0.006509999999999999,1.0,0.0,0.0,0.0
269.9999,1.64667,0.05041,1.0,0.0,0.0,0.0
279.9999,1.77333,0.07526000000000001,1.0,0.0,0.0,0.0
289.9999,1.71333,0.06828,1.0,0.0,0.0,0.0
309.9999,1.71333,0.02857,1.0,0.0,0.0,0.0
319.9999,1.72,0.08877,1.0,0.0,0.0,0.0
339.9999,1.6,0.05099,1.0,0.0,0.0,0.0
349.9999,1.7,0.0937,1.0,0.0,0.0,0.0
359.9999,1.56,0.04261,1.0,0.0,0.0,0.0
379.9999,1.66667,0.059870000000000013,1.0,0.0,0.0,0.0
389.9999,1.60667,0.06734,1.0,0.0,0.0,0.0
399.9999,1.73333,0.04099,1.0,0.0,0.0,0.0
409.9999,1.72667,0.08221,1.0,0.0,0.0,0.0
429.9999,1.52,0.03618,1.0,0.0,0.0,0.0
449.9999,1.72,0.0387,1.0,0.0,0.0,0.0
459.9999,1.78667,0.05616,1.0,0.0,0.0,0.0
479.9999,1.7533299999999998,0.04511,1.0,0.0,0.0,0.0
539.9999,1.61333,0.00558,1.0,0.0,0.0,0.0
549.9999,1.78667,0.01225,1.0,0.0,0.0,0.0
559.9999,1.66667,0.07571,1.0,0.0,0.0,0.0
589.9999,1.68667,0.0354,1.0,0.0,0.0,0.0
599.9999,1.64,0.02077,1.0,0.0,0.0,0.0
609.9999,1.73333,0.03211,1.0,0.0,0.0,0.0
619.9999,1.74,0.03289,1.0,0.0,0.0,0.0
629.9999,1.72667,0.04829,1.0,0.0,0.0,0.0
649.9999,1.66667,0.053020000000000005,1.0,0.0,0.0,0.0
659.9999,1.64,0.04822,1.0,0.0,0.0,0.0
669.9999,1.8,0.02427,1.0,0.0,0.0,0.0
679.9999,1.72667,0.02877,1.0,0.0,0.0,0.0
699.9999,1.77333,0.061370000000000015,1.0,0.0,0.0,0.0
719.9999,1.78667,0.11583,1.0,0.0,0.0,0.0
739.9999,1.82,0.13210999999999998,1.0,0.0,0.0,0.0
749.9999,1.64667,0.07362,1.0,0.0,0.0,0.0
789.9999,1.64,0.07504,1.0,0.0,0.0,0.0
799.9999,1.64667,0.02966,1.0,0.0,0.0,0.0
819.9999,1.72667,0.11608,1.0,0.0,0.0,0.0
839.9999,1.64,0.11066,1.0,0.0,0.0,0.0
849.9999,1.69333,0.06479,1.0,0.0,0.0,0.0
859.9999,1.5,0.01121,1.0,0.0,0.0,0.0
889.9999,1.64667,0.08685,1.0,0.0,0.0,0.0
99.9999,1.56,0.08014,1.0,0.0,0.0,0.0
109.9999,1.54,0.05478,1.0,0.0,0.0,0.0
119.9999,1.61333,0.07432000000000001,1.0,0.0,0.0,0.0
139.9999,1.4933299999999998,0.01629,1.0,0.0,0.0,0.0
169.9999,1.6,0.07067000000000001,1.0,0.0,0.0,0.0
179.9999,1.69333,0.10767,1.0,0.0,0.0,0.0
219.9999,1.61333,0.11784,1.0,0.0,0.0,0.0
229.9999,1.60667,0.0876,1.0,0.0,0.0,0.0
239.9999,1.58667,0.00168,1.0,0.0,0.0,0.0
259.9999,1.74,0.04386,1.0,0.0,0.0,0.0
269.9999,1.7466700000000002,0.01564,1.0,0.0,0.0,0.0
289.9999,1.68,0.04663,1.0,0.0,0.0,0.0
299.9999,1.81333,0.02853,1.0,0.0,0.0,0.0
319.9999,1.57333,0.031310000000000004,1.0,0.0,0.0,0.0
329.9999,1.48,0.09556,1.0,0.0,0.0,0.0
359.9999,1.4933299999999998,0.06326,1.0,0.0,0.0,0.0
419.9999,1.46667,0.12043,1.0,0.0,0.0,0.0
429.9999,1.58,0.0792,1.0,0.0,0.0,0.0
439.9999,1.56667,0.02533,1.0,0.0,0.0,0.0
499.9999,1.55333,0.04903,1.0,0.0,0.0,0.0
509.9999,1.66,0.03923,1.0,0.0,0.0,0.0
529.9999,1.59333,0.08235,1.0,0.0,0.0,0.0
549.9999,1.6,0.01702,1.0,0.0,0.0,0.0
559.9999,1.5133299999999998,0.04003,1.0,0.0,0.0,0.0
569.9999,1.62667,0.051660000000000005,1.0,0.0,0.0,0.0
589.9999,1.66667,0.03219,1.0,0.0,0.0,0.0
609.9999,1.4866700000000002,0.07406,1.0,0.0,0.0,0.0
619.9999,1.55333,0.04609,1.0,0.0,0.0,0.0
629.9999,1.54667,0.0369,1.0,0.0,0.0,0.0
639.9999,1.56667,0.06385,1.0,0.0,0.0,0.0
679.9999,1.55333,0.07007000000000001,1.0,0.0,0.0,0.0
699.9999,1.54,0.01734,1.0,0.0,0.0,0.0
709.9999,1.60667,0.08283,1.0,0.0,0.0,0.0
749.9999,1.45333,0.04339,1.0,0.0,0.0,0.0
759.9999,1.60667,0.06994,1.0,0.0,0.0,0.0
789.9999,1.56667,0.00899,1.0,0.0,0.0,0.0
809.9999,1.46,0.02013,1.0,0.0,0.0,0.0
839.9999,1.69333,0.040310000000000006,1.0,0.0,0.0,0.0
849.9999,1.44667,0.04847,1.0,0.0,0.0,0.0
859.9999,1.5066700000000002,0.02221,1.0,0.0,0.0,0.0
879.9999,1.61333,0.00525,1.0,0.0,0.0,0.0
889.9999,1.54667,0.01729,1.0,0.0,0.0,0.0
899.9999,1.52,0.01744,1.0,0.0,0.0,0.0
99.9999,1.5066700000000002,0.04772,1.0,0.0,0.0,0.0
119.9999,1.41333,0.05149,1.0,0.0,0.0,0.0
129.9999,1.28667,0.08077000000000001,1.0,0.0,0.0,0.0
139.9999,1.39333,0.0448,1.0,0.0,0.0,0.0
149.9999,1.27333,0.02313,1.0,0.0,0.0,0.0
159.9999,1.44667,0.12441,1.0,0.0,0.0,0.0
169.9999,1.36667,0.09619,1.0,0.0,0.0,0.0
179.9999,1.36,0.05403,1.0,0.0,0.0,0.0
199.9999,1.37333,0.06598,1.0,0.0,0.0,0.0
209.9999,1.4933299999999998,0.09087,1.0,0.0,0.0,0.0
229.9999,1.31333,0.02714,1.0,0.0,0.0,0.0
239.9999,1.45333,0.059029999999999985,1.0,0.0,0.0,0.0
259.9999,1.42,0.01878,1.0,0.0,0.0,0.0
279.9999,1.32,0.04409,1.0,0.0,0.0,0.0
289.9999,1.54667,0.08142,1.0,0.0,0.0,0.0
299.9999,1.5066700000000002,0.03941,1.0,0.0,0.0,0.0
309.9999,1.33333,0.00775,1.0,0.0,0.0,0.0
319.9999,1.38,0.06865,1.0,0.0,0.0,0.0
349.9999,1.27333,0.02416,1.0,0.0,0.0,0.0
369.9999,1.42,0.0404,1.0,0.0,0.0,0.0
379.9999,1.35333,0.016040000000000002,1.0,0.0,0.0,0.0
389.9999,1.35333,0.06742000000000001,1.0,0.0,0.0,0.0
399.9999,1.41333,0.03883,1.0,0.0,0.0,0.0
409.9999,1.4,0.01937,1.0,0.0,0.0,0.0
419.9999,1.4,0.08768,1.0,0.0,0.0,0.0
459.9999,1.32667,0.04678,1.0,0.0,0.0,0.0
469.9999,1.46,0.06206,1.0,0.0,0.0,0.0
509.9999,1.35333,0.11932,1.0,0.0,0.0,0.0
519.9999,1.42667,0.03773,1.0,0.0,0.0,0.0
529.9999,1.39333,0.09599,1.0,0.0,0.0,0.0
559.9999,1.29333,0.09267,1.0,0.0,0.0,0.0
579.9999,1.34667,0.01919,1.0,0.0,0.0,0.0
619.9999,1.36,0.07119,1.0,0.0,0.0,0.0
629.9999,1.22,0.03489,1.0,0.0,0.0,0.0
639.9999,1.38,0.01536,1.0,0.0,0.0,0.0
649.9999,1.34667,0.0213,1.0,0.0,0.0,0.0
659.9999,1.36667,0.10839,1.0,0.0,0.0,0.0
679.9999,1.22667,0.02667,1.0,0.0,0.0,0.0
699.9999,1.34,0.02337,1.0,0.0,0.0,0.0
709.9999,1.52667,0.14523,1.0,0.0,0.0,0.0
729.9999,1.44,0.00084,1.0,0.0,0.0,0.0
749.9999,1.31333,0.06359,1.0,0.0,0.0,0.0
799.9999,1.42,0.06762,1.0,0.0,0.0,0.0
819.9999,1.46667,0.05591,1.0,0.0,0.0,0.0
829.9999,1.26,0.09306,1.0,0.0,0.0,0.0
839.9999,1.38667,0.00922,1.0,0.0,0.0,0.0
849.9999,1.36667,0.07742,1.0,0.0,0.0,0.0
869.9999,1.33333,0.05647000000000001,1.0,0.0,0.0,0.0
889.9999,1.47333,0.04245,1.0,0.0,0.0,0.0
899.9999,1.43333,0.00886,1.0,0.0,0.0,0.0
109.9999,3.753330000000001,0.026560000000000004,3.0,0.0,0.0,1.0
154.9999,4.12667,0.20692,3.0,0.0,1.0,1.0
159.9999,4.19333,0.22407,3.0,0.0,1.0,1.0
189.9999,4.19333,0.3291,3.0,0.0,1.0,1.0
199.9999,4.22667,0.32803000000000004,3.0,0.0,1.0,1.0
209.9999,4.34667,0.36428,3.0,0.0,1.0,1.0
219.9999,4.44667,0.41306,3.0,0.0,1.0,1.0
224.9999,4.38667,0.42527,3.0,0.0,1.0,1.0
249.9999,4.42,0.40258,3.0,1.0,1.0,1.0
254.9999,4.52,0.4476100000000001,3.0,1.0,1.0,1.0
274.9999,4.48,0.45696,3.0,1.0,1.0,1.0
284.9999,4.66,0.5091100000000001,3.0,1.0,1.0,1.0
289.9999,4.7,0.51273,3.0,1.0,1.0,1.0
294.9999,4.6,0.50712,3.0,1.0,1.0,1.0
299.9999,4.61333,0.5443,3.0,1.0,1.0,1.0
309.9999,4.62667,0.5824199999999999,3.0,1.0,1.0,1.0
314.9999,4.6066699999999985,0.53861,3.0,1.0,1.0,1.0
324.9999,4.58,0.52186,3.0,1.0,1.0,1.0
329.9999,4.526669999999998,0.5324300000000001,3.0,1.0,1.0,1.0
334.9999,4.58667,0.49613,3.0,1.0,1.0,1.0
349.9999,4.54,0.5303,3.0,1.0,1.0,1.0
364.9999,4.66,0.47468,3.0,1.0,1.0,1.0
369.9999,4.5666699999999985,0.48819,3.0,1.0,1.0,1.0
374.9999,4.66,0.55566,3.0,1.0,1.0,1.0
379.9999,4.49333,0.57177,3.0,1.0,1.0,1.0
384.9999,4.67333,0.56387,3.0,1.0,1.0,1.0
404.9999,4.74,0.63639,3.0,1.0,1.0,1.0
429.9999,4.69333,0.59036,3.0,1.0,1.0,1.0
434.9999,4.87333,0.6362,3.0,1.0,1.0,1.0
444.9999,4.75333,0.64475,3.0,1.0,1.0,1.0
449.9999,4.76,0.6402399999999999,3.0,1.0,1.0,1.0
454.9999,4.76,0.62025,3.0,1.0,1.0,1.0
464.9999,4.65333,0.59722,3.0,1.0,1.0,1.0
469.9999,4.5,0.5382600000000001,3.0,1.0,1.0,1.0
474.9999,4.59333,0.56829,3.0,1.0,1.0,1.0
489.9999,4.61333,0.60518,3.0,1.0,1.0,1.0
504.9999,4.86667,0.64354,3.0,1.0,1.0,1.0
509.9999,4.82667,0.6340600000000001,3.0,1.0,1.0,1.0
524.9999,4.88,0.67481,3.0,1.0,1.0,1.0
529.9999,4.78,0.67698,3.0,1.0,1.0,1.0
534.9999,4.76,0.6469699999999999,3.0,1.0,1.0,1.0
544.9999,4.78,0.63463,3.0,1.0,1.0,1.0
554.9999,4.78,0.64986,3.0,1.0,1.0,1.0
559.9999,4.9333300000000015,0.67857,3.0,1.0,1.0,1.0
569.9999,4.8,0.6642600000000001,3.0,1.0,1.0,1.0
579.9999,4.91333,0.6883699999999999,3.0,1.0,1.0,1.0
584.9999,4.79333,0.65308,3.0,1.0,1.0,1.0
589.9999,4.94667,0.7013199999999999,3.0,1.0,1.0,1.0
594.9999,4.86667,0.71207,3.0,1.0,1.0,1.0
599.9999,4.86667,0.6883199999999999,3.0,1.0,1.0,1.0
604.9999,4.92667,0.71431,3.0,1.0,1.0,1.0
609.9999,4.95333,0.71005,3.0,1.0,1.0,1.0
619.9999,4.9333300000000015,0.69501,3.0,1.0,1.0,1.0
649.9999,4.8933300000000015,0.73149,3.0,1.0,1.0,1.0
654.9999,4.94667,0.73782,3.0,1.0,1.0,1.0
664.9999,4.95333,0.70431,3.0,1.0,1.0,1.0
674.9999,4.78,0.68001,3.0,1.0,1.0,1.0
679.9999,4.71333,0.67172,3.0,1.0,1.0,1.0
684.9999,4.7333300000000005,0.68245,3.0,1.0,1.0,1.0
689.9999,4.76,0.65175,3.0,1.0,1.0,1.0
694.9999,4.79333,0.66728,3.0,1.0,1.0,1.0
699.9999,4.87333,0.68677,3.0,1.0,1.0,1.0
704.9999,4.76,0.66868,3.0,1.0,1.0,1.0
709.9999,4.70667,0.6379,3.0,1.0,1.0,1.0
724.9999,4.64,0.65284,3.0,1.0,1.0,1.0
729.9999,4.69333,0.63376,3.0,1.0,1.0,1.0
734.9999,4.8,0.65858,3.0,1.0,1.0,1.0
739.9999,4.8133300000000006,0.65728,3.0,1.0,1.0,1.0
754.9999,4.67333,0.58778,3.0,1.0,1.0,1.0
769.9999,4.7,0.6602600000000001,3.0,1.0,1.0,1.0
774.9999,4.8533300000000015,0.70049,3.0,1.0,1.0,1.0
789.9999,4.92,0.7327899999999999,3.0,1.0,1.0,1.0
794.9999,5.08,0.7912100000000001,3.0,1.0,1.0,1.0
804.9999,5.08,0.7722600000000001,3.0,1.0,1.0,1.0
809.9999,5.0,0.74302,3.0,1.0,1.0,1.0
814.9999,4.86,0.72872,3.0,1.0,1.0,1.0
829.9999,4.96667,0.7170300000000001,3.0,1.0,1.0,1.0
834.9999,4.92,0.70782,3.0,1.0,1.0,1.0
839.9999,5.04,0.75854,3.0,1.0,1.0,1.0
844.9999,4.9333300000000015,0.7580899999999999,3.0,1.0,1.0,1.0
849.9999,5.04667,0.76176,3.0,1.0,1.0,1.0
859.9999,4.92667,0.73151,3.0,1.0,1.0,1.0
874.9999,4.96667,0.7306199999999999,3.0,1.0,1.0,1.0
884.9999,5.02,0.74434,3.0,1.0,1.0,1.0
894.9999,4.92,0.75257,3.0,1.0,1.0,1.0
104.9999,4.2733300000000005,0.5017199999999999,3.0,1.0,1.0,1.0
109.9999,4.30667,0.52068,3.0,1.0,1.0,1.0
134.9999,4.58,0.52377,3.0,1.0,1.0,1.0
139.9999,4.526669999999998,0.50352,3.0,1.0,1.0,1.0
144.9999,4.49333,0.48858,3.0,1.0,1.0,1.0
154.9999,4.65333,0.49747,3.0,1.0,1.0,1.0
159.9999,4.5666699999999985,0.51376,3.0,1.0,1.0,1.0
184.9999,4.61333,0.50272,3.0,1.0,1.0,1.0
189.9999,4.53333,0.49894,3.0,1.0,1.0,1.0
199.9999,4.66,0.5082800000000001,3.0,1.0,1.0,1.0
209.9999,4.64,0.53389,3.0,1.0,1.0,1.0
229.9999,4.56,0.5513399999999999,3.0,1.0,1.0,1.0
234.9999,4.69333,0.64674,3.0,1.0,1.0,1.0
239.9999,4.57333,0.58677,3.0,1.0,1.0,1.0
264.9999,4.67333,0.57895,3.0,1.0,1.0,1.0
269.9999,4.78667,0.5785899999999999,3.0,1.0,1.0,1.0
279.9999,4.6466699999999985,0.52528,3.0,1.0,1.0,1.0
289.9999,4.76667,0.59813,3.0,1.0,1.0,1.0
294.9999,4.8,0.62337,3.0,1.0,1.0,1.0
299.9999,4.79333,0.62132,3.0,1.0,1.0,1.0
309.9999,4.94667,0.66018,3.0,1.0,1.0,1.0
319.9999,4.75333,0.6300899999999999,3.0,1.0,1.0,1.0
344.9999,4.79333,0.62571,3.0,1.0,1.0,1.0
354.9999,4.9,0.64971,3.0,1.0,1.0,1.0
369.9999,4.83333,0.62948,3.0,1.0,1.0,1.0
374.9999,4.8933300000000015,0.65025,3.0,1.0,1.0,1.0
379.9999,4.7733300000000005,0.62389,3.0,1.0,1.0,1.0
389.9999,4.66667,0.57082,3.0,1.0,1.0,1.0
399.9999,4.8,0.60616,3.0,1.0,1.0,1.0
414.9999,4.74667,0.57528,3.0,1.0,1.0,1.0
419.9999,4.8,0.60717,3.0,1.0,1.0,1.0
434.9999,4.94667,0.60154,3.0,1.0,1.0,1.0
439.9999,4.94667,0.59911,3.0,1.0,1.0,1.0
464.9999,4.9,0.62053,3.0,1.0,1.0,1.0
469.9999,4.88,0.58197,3.0,1.0,1.0,1.0
479.9999,4.86667,0.58499,3.0,1.0,1.0,1.0
484.9999,4.76667,0.55835,3.0,1.0,1.0,1.0
494.9999,4.8,0.51522,3.0,1.0,1.0,1.0
519.9999,4.91333,0.6208199999999999,3.0,1.0,1.0,1.0
524.9999,4.91333,0.63713,3.0,1.0,1.0,1.0
529.9999,4.86667,0.6148,3.0,1.0,1.0,1.0
544.9999,4.88,0.6348199999999999,3.0,1.0,1.0,1.0
549.9999,4.8933300000000015,0.6512,3.0,1.0,1.0,1.0
554.9999,4.8133300000000006,0.65108,3.0,1.0,1.0,1.0
559.9999,4.92667,0.66745,3.0,1.0,1.0,1.0
564.9999,4.86,0.66391,3.0,1.0,1.0,1.0
569.9999,4.84,0.69863,3.0,1.0,1.0,1.0
574.9999,4.88,0.70315,3.0,1.0,1.0,1.0
579.9999,4.88667,0.70268,3.0,1.0,1.0,1.0
584.9999,4.91333,0.6542100000000001,3.0,1.0,1.0,1.0
619.9999,4.80667,0.69924,3.0,1.0,1.0,1.0
624.9999,4.94667,0.7167899999999999,3.0,1.0,1.0,1.0
644.9999,4.8933300000000015,0.72488,3.0,1.0,1.0,1.0
654.9999,5.08667,0.767,3.0,1.0,1.0,1.0
664.9999,4.96667,0.71523,3.0,1.0,1.0,1.0
669.9999,4.82667,0.70348,3.0,1.0,1.0,1.0
674.9999,4.84,0.71311,3.0,1.0,1.0,1.0
679.9999,4.86,0.70084,3.0,1.0,1.0,1.0
684.9999,4.82,0.6694899999999999,3.0,1.0,1.0,1.0
694.9999,4.95333,0.70667,3.0,1.0,1.0,1.0
699.9999,4.82,0.67818,3.0,1.0,1.0,1.0
709.9999,4.82667,0.69334,3.0,1.0,1.0,1.0
714.9999,4.88,0.69781,3.0,1.0,1.0,1.0
724.9999,4.92667,0.73373,3.0,1.0,1.0,1.0
729.9999,4.87333,0.70224,3.0,1.0,1.0,1.0
739.9999,4.86,0.70622,3.0,1.0,1.0,1.0
744.9999,4.973330000000002,0.7117399999999999,3.0,1.0,1.0,1.0
769.9999,4.91333,0.69716,3.0,1.0,1.0,1.0
774.9999,5.0,0.7560100000000001,3.0,1.0,1.0,1.0
779.9999,5.06,0.77183,3.0,1.0,1.0,1.0
789.9999,4.99333,0.7713,3.0,1.0,1.0,1.0
794.9999,5.08,0.76753,3.0,1.0,1.0,1.0
799.9999,5.06,0.73907,3.0,1.0,1.0,1.0
804.9999,5.04,0.7709999999999999,3.0,1.0,1.0,1.0
809.9999,4.98,0.73651,3.0,1.0,1.0,1.0
814.9999,4.92667,0.7128399999999999,3.0,1.0,1.0,1.0
819.9999,4.9333300000000015,0.72953,3.0,1.0,1.0,1.0
829.9999,5.04,0.75544,3.0,1.0,1.0,1.0
834.9999,5.0,0.75698,3.0,1.0,1.0,1.0
849.9999,4.99333,0.76175,3.0,1.0,1.0,1.0
854.9999,5.1,0.75626,3.0,1.0,1.0,1.0
859.9999,4.98,0.7631100000000001,3.0,1.0,1.0,1.0
864.9999,5.02,0.76882,3.0,1.0,1.0,1.0
869.9999,4.973330000000002,0.7564,3.0,1.0,1.0,1.0
874.9999,4.973330000000002,0.72008,3.0,1.0,1.0,1.0
899.9999,4.8533300000000015,0.67698,3.0,1.0,1.0,1.0
119.9999,3.89333,0.16555999999999998,3.0,0.0,0.0,1.0
149.9999,4.3533300000000015,0.20601,3.0,0.0,1.0,1.0
159.9999,4.22667,0.2026,3.0,0.0,1.0,1.0
169.9999,4.40667,0.20237,3.0,0.0,1.0,1.0
179.9999,4.2733300000000005,0.20644,3.0,0.0,1.0,1.0
209.9999,4.48,0.2551,3.0,1.0,1.0,1.0
249.9999,4.56,0.23058,3.0,1.0,1.0,1.0
259.9999,4.50667,0.21546,3.0,1.0,1.0,1.0
269.9999,4.69333,0.23553,3.0,1.0,1.0,1.0
289.9999,4.66,0.29878000000000005,3.0,1.0,1.0,1.0
299.9999,4.54667,0.24021,3.0,1.0,1.0,1.0
319.9999,4.55333,0.17689000000000002,3.0,1.0,1.0,1.0
349.9999,4.42667,0.22674,3.0,1.0,1.0,1.0
369.9999,4.63333,0.25025,3.0,1.0,1.0,1.0
399.9999,4.74667,0.25133,3.0,1.0,1.0,1.0
409.9999,4.82667,0.21745,3.0,1.0,1.0,1.0
429.9999,4.62,0.25071,3.0,1.0,1.0,1.0
439.9999,4.72667,0.26016,3.0,1.0,1.0,1.0
449.9999,4.76,0.31586,3.0,1.0,1.0,1.0
459.9999,4.6466699999999985,0.32066,3.0,1.0,1.0,1.0
469.9999,4.53333,0.26144,3.0,1.0,1.0,1.0
489.9999,4.70667,0.31846,3.0,1.0,1.0,1.0
499.9999,4.56,0.30648000000000003,3.0,1.0,1.0,1.0
529.9999,4.68667,0.31343000000000004,3.0,1.0,1.0,1.0
539.9999,4.87333,0.30295,3.0,1.0,1.0,1.0
549.9999,4.76667,0.31862,3.0,1.0,1.0,1.0
559.9999,4.7,0.26412,3.0,1.0,1.0,1.0
579.9999,4.75333,0.28245,3.0,1.0,1.0,1.0
629.9999,4.78,0.24952,3.0,1.0,1.0,1.0
639.9999,4.66667,0.2547,3.0,1.0,1.0,1.0
659.9999,4.75333,0.23883,3.0,1.0,1.0,1.0
669.9999,4.5666699999999985,0.23611,3.0,1.0,1.0,1.0
679.9999,4.55333,0.25337,3.0,1.0,1.0,1.0
689.9999,4.38667,0.22686,3.0,1.0,1.0,1.0
699.9999,4.53333,0.2216,3.0,1.0,1.0,1.0
729.9999,4.66,0.28418000000000004,3.0,1.0,1.0,1.0
739.9999,4.52,0.25851,3.0,1.0,1.0,1.0
769.9999,4.67333,0.23917,3.0,1.0,1.0,1.0
779.9999,4.84,0.31539,3.0,1.0,1.0,1.0
789.9999,4.74667,0.28176,3.0,1.0,1.0,1.0
839.9999,4.7733300000000005,0.243,3.0,1.0,1.0,1.0
889.9999,4.7733300000000005,0.29224,3.0,1.0,1.0,1.0
899.9999,4.72,0.28991,3.0,1.0,1.0,1.0
99.9999,3.24,0.033030000000000004,3.0,0.0,0.0,0.0
109.9999,3.2,0.03776,3.0,0.0,0.0,1.0
129.9999,3.5333300000000003,0.11976,3.0,0.0,0.0,1.0
159.9999,3.87333,0.22058000000000005,3.0,0.0,0.0,1.0
179.9999,3.92,0.25251,3.0,0.0,0.0,1.0
189.9999,3.95333,0.15363,3.0,0.0,0.0,1.0
229.9999,4.16,0.29832,3.0,0.0,1.0,1.0
239.9999,4.1,0.29429,3.0,0.0,1.0,1.0
269.9999,4.42667,0.33631,3.0,0.0,1.0,1.0
289.9999,4.20667,0.36486,3.0,0.0,1.0,1.0
299.9999,4.15333,0.3845,3.0,0.0,1.0,1.0
339.9999,4.16,0.43257,3.0,1.0,1.0,1.0
349.9999,4.18,0.42388,3.0,1.0,1.0,1.0
359.9999,4.22,0.41674,3.0,1.0,1.0,1.0
379.9999,4.42667,0.45511,3.0,1.0,1.0,1.0
399.9999,4.46,0.47255,3.0,1.0,1.0,1.0
419.9999,4.28667,0.38036,3.0,1.0,1.0,1.0
429.9999,4.34,0.42463,3.0,1.0,1.0,1.0
459.9999,4.26,0.53403,3.0,1.0,1.0,1.0
479.9999,4.56,0.54965,3.0,1.0,1.0,1.0
489.9999,4.486669999999998,0.52483,3.0,1.0,1.0,1.0
499.9999,4.5,0.53932,3.0,1.0,1.0,1.0
509.9999,4.49333,0.50725,3.0,1.0,1.0,1.0
519.9999,4.54667,0.52999,3.0,1.0,1.0,1.0
539.9999,4.54667,0.5169199999999999,3.0,1.0,1.0,1.0
569.9999,4.53333,0.57597,3.0,1.0,1.0,1.0
579.9999,4.513330000000002,0.5711,3.0,1.0,1.0,1.0
589.9999,4.3133300000000006,0.49889,3.0,1.0,1.0,1.0
599.9999,4.3133300000000006,0.48286,3.0,1.0,1.0,1.0
639.9999,4.57333,0.6008100000000001,3.0,1.0,1.0,1.0
659.9999,4.71333,0.65063,3.0,1.0,1.0,1.0
679.9999,4.83333,0.66306,3.0,1.0,1.0,1.0
699.9999,4.76,0.68817,3.0,1.0,1.0,1.0
709.9999,4.88667,0.66999,3.0,1.0,1.0,1.0
719.9999,4.79333,0.66366,3.0,1.0,1.0,1.0
759.9999,4.72667,0.65158,3.0,1.0,1.0,1.0
769.9999,4.65333,0.65151,3.0,1.0,1.0,1.0
779.9999,4.59333,0.5994,3.0,1.0,1.0,1.0
789.9999,4.6066699999999985,0.60763,3.0,1.0,1.0,1.0
839.9999,4.63333,0.6649,3.0,1.0,1.0,1.0
849.9999,4.66,0.65742,3.0,1.0,1.0,1.0
879.9999,4.74667,0.6525,3.0,1.0,1.0,1.0
889.9999,4.79333,0.67597,3.0,1.0,1.0,1.0
899.9999,4.80667,0.67984,3.0,1.0,1.0,1.0
99.9999,3.8,0.03631,3.0,0.0,0.0,1.0
109.9999,3.7,0.05973,3.0,0.0,0.0,1.0
119.9999,3.94,0.10316,3.0,0.0,0.0,1.0
129.9999,3.96,0.11962,3.0,0.0,0.0,1.0
159.9999,4.38667,0.13501,3.0,0.0,1.0,1.0
189.9999,4.33333,0.0825,3.0,0.0,1.0,1.0
219.9999,4.26667,0.00533,3.0,0.0,1.0,1.0
319.9999,4.57333,0.08014,3.0,1.0,1.0,1.0
349.9999,4.40667,0.09705,3.0,1.0,1.0,1.0
359.9999,4.49333,0.17162,3.0,1.0,1.0,1.0
379.9999,4.54,0.14125,3.0,1.0,1.0,1.0
389.9999,4.50667,0.08142,3.0,1.0,1.0,1.0
419.9999,4.62,0.09501,3.0,1.0,1.0,1.0
499.9999,4.7,0.31724,3.0,1.0,1.0,1.0
529.9999,4.5666699999999985,0.30776,3.0,1.0,1.0,1.0
549.9999,4.6066699999999985,0.23486,3.0,1.0,1.0,1.0
559.9999,4.64,0.2119,3.0,1.0,1.0,1.0
579.9999,4.526669999999998,0.26383,3.0,1.0,1.0,1.0
589.9999,4.48,0.31698000000000004,3.0,1.0,1.0,1.0
619.9999,4.63333,0.26435,3.0,1.0,1.0,1.0
659.9999,4.7,0.23952,3.0,1.0,1.0,1.0
669.9999,4.58,0.24685,3.0,1.0,1.0,1.0
679.9999,4.49333,0.26554,3.0,1.0,1.0,1.0
729.9999,4.66,0.39398,3.0,1.0,1.0,1.0
779.9999,4.58667,0.3629,3.0,1.0,1.0,1.0
789.9999,4.68667,0.37545,3.0,1.0,1.0,1.0
819.9999,4.67333,0.37881,3.0,1.0,1.0,1.0
829.9999,4.7,0.34765,3.0,1.0,1.0,1.0
839.9999,4.6,0.36701,3.0,1.0,1.0,1.0
849.9999,4.6066699999999985,0.35852,3.0,1.0,1.0,1.0
859.9999,4.70667,0.33278,3.0,1.0,1.0,1.0
879.9999,4.66,0.32081,3.0,1.0,1.0,1.0
899.9999,4.513330000000002,0.26014,3.0,1.0,1.0,1.0
99.9999,3.92667,0.27564,3.0,0.0,0.0,1.0
109.9999,3.78667,0.20778,3.0,0.0,0.0,1.0
129.9999,4.0666699999999985,0.36955,3.0,0.0,1.0,1.0
149.9999,4.26,0.451,3.0,0.0,1.0,1.0
159.9999,4.42667,0.46805,3.0,0.0,1.0,1.0
169.9999,4.46667,0.51884,3.0,0.0,1.0,1.0
199.9999,4.26667,0.45088,3.0,0.0,1.0,1.0
219.9999,4.526669999999998,0.50732,3.0,0.0,1.0,1.0
239.9999,4.61333,0.61652,3.0,1.0,1.0,1.0
249.9999,4.61333,0.6268699999999999,3.0,1.0,1.0,1.0
269.9999,4.7733300000000005,0.70029,3.0,1.0,1.0,1.0
289.9999,4.92,0.70939,3.0,1.0,1.0,1.0
319.9999,4.84667,0.7083,3.0,1.0,1.0,1.0
339.9999,4.8,0.69694,3.0,1.0,1.0,1.0
359.9999,4.74667,0.69353,3.0,1.0,1.0,1.0
379.9999,4.9333300000000015,0.74129,3.0,1.0,1.0,1.0
389.9999,4.973330000000002,0.74668,3.0,1.0,1.0,1.0
399.9999,4.71333,0.66164,3.0,1.0,1.0,1.0
419.9999,4.70667,0.6402100000000001,3.0,1.0,1.0,1.0
459.9999,4.92,0.71663,3.0,1.0,1.0,1.0
469.9999,4.91333,0.74119,3.0,1.0,1.0,1.0
489.9999,4.84667,0.68389,3.0,1.0,1.0,1.0
519.9999,5.04667,0.7657,3.0,1.0,1.0,1.0
539.9999,4.986669999999998,0.73928,3.0,1.0,1.0,1.0
549.9999,4.986669999999998,0.72911,3.0,1.0,1.0,1.0
559.9999,4.91333,0.74349,3.0,1.0,1.0,1.0
569.9999,4.8533300000000015,0.71365,3.0,1.0,1.0,1.0
589.9999,4.96667,0.73332,3.0,1.0,1.0,1.0
599.9999,4.88,0.70607,3.0,1.0,1.0,1.0
609.9999,4.96,0.74364,3.0,1.0,1.0,1.0
619.9999,4.8133300000000006,0.70373,3.0,1.0,1.0,1.0
629.9999,5.013330000000002,0.7552300000000001,3.0,1.0,1.0,1.0
639.9999,4.90667,0.73109,3.0,1.0,1.0,1.0
659.9999,4.92,0.73868,3.0,1.0,1.0,1.0
679.9999,4.973330000000002,0.74788,3.0,1.0,1.0,1.0
689.9999,5.00667,0.74749,3.0,1.0,1.0,1.0
699.9999,5.1,0.7732600000000001,3.0,1.0,1.0,1.0
709.9999,5.14,0.79164,3.0,1.0,1.0,1.0
719.9999,4.87333,0.72219,3.0,1.0,1.0,1.0
729.9999,5.00667,0.75712,3.0,1.0,1.0,1.0
749.9999,4.88667,0.72336,3.0,1.0,1.0,1.0
769.9999,5.00667,0.75293,3.0,1.0,1.0,1.0
799.9999,4.90667,0.71707,3.0,1.0,1.0,1.0
809.9999,5.00667,0.75298,3.0,1.0,1.0,1.0
859.9999,4.86,0.68474,3.0,1.0,1.0,1.0
879.9999,4.78667,0.66894,3.0,1.0,1.0,1.0
889.9999,4.94667,0.7283,3.0,1.0,1.0,1.0
899.9999,4.8133300000000006,0.68477,3.0,1.0,1.0,1.0
129.9999,4.07333,0.16951,3.0,0.0,1.0,1.0
169.9999,4.42,0.32827,3.0,0.0,1.0,1.0
189.9999,4.3933300000000015,0.31995,3.0,0.0,1.0,1.0
199.9999,4.46,0.38107,3.0,0.0,1.0,1.0
209.9999,4.44,0.36706,3.0,0.0,1.0,1.0
229.9999,4.5,0.32344,3.0,1.0,1.0,1.0
249.9999,4.473330000000002,0.37242,3.0,1.0,1.0,1.0
269.9999,4.44667,0.36454,3.0,1.0,1.0,1.0
279.9999,4.61333,0.34482,3.0,1.0,1.0,1.0
309.9999,4.46667,0.31225,3.0,1.0,1.0,1.0
319.9999,4.6,0.30544,3.0,1.0,1.0,1.0
339.9999,4.52,0.3506,3.0,1.0,1.0,1.0
359.9999,4.62667,0.3354,3.0,1.0,1.0,1.0
389.9999,4.5,0.41755,3.0,1.0,1.0,1.0
409.9999,4.6066699999999985,0.45395,3.0,1.0,1.0,1.0
419.9999,4.61333,0.4305,3.0,1.0,1.0,1.0
429.9999,4.58,0.42114,3.0,1.0,1.0,1.0
439.9999,4.72667,0.42453,3.0,1.0,1.0,1.0
449.9999,4.72667,0.42722,3.0,1.0,1.0,1.0
459.9999,4.79333,0.47348,3.0,1.0,1.0,1.0
469.9999,4.71333,0.4667600000000001,3.0,1.0,1.0,1.0
479.9999,4.8133300000000006,0.5575100000000001,3.0,1.0,1.0,1.0
499.9999,4.78,0.57421,3.0,1.0,1.0,1.0
519.9999,4.86,0.63742,3.0,1.0,1.0,1.0
529.9999,4.75333,0.62929,3.0,1.0,1.0,1.0
549.9999,4.8,0.63545,3.0,1.0,1.0,1.0
569.9999,4.8,0.65593,3.0,1.0,1.0,1.0
619.9999,4.92667,0.63631,3.0,1.0,1.0,1.0
629.9999,4.8,0.61046,3.0,1.0,1.0,1.0
649.9999,4.96,0.67574,3.0,1.0,1.0,1.0
659.9999,4.86,0.66686,3.0,1.0,1.0,1.0
679.9999,4.8933300000000015,0.68982,3.0,1.0,1.0,1.0
689.9999,4.79333,0.68567,3.0,1.0,1.0,1.0
699.9999,4.86667,0.6994100000000001,3.0,1.0,1.0,1.0
709.9999,4.87333,0.6989,3.0,1.0,1.0,1.0
719.9999,4.8933300000000015,0.7043699999999999,3.0,1.0,1.0,1.0
739.9999,4.95333,0.71586,3.0,1.0,1.0,1.0
789.9999,4.8133300000000006,0.70667,3.0,1.0,1.0,1.0
799.9999,4.90667,0.70277,3.0,1.0,1.0,1.0
819.9999,4.82,0.66959,3.0,1.0,1.0,1.0
849.9999,4.8933300000000015,0.69087,3.0,1.0,1.0,1.0
859.9999,4.82667,0.71743,3.0,1.0,1.0,1.0
869.9999,4.8133300000000006,0.69796,3.0,1.0,1.0,1.0
889.9999,4.90667,0.7430100000000001,3.0,1.0,1.0,1.0
899.9999,4.92,0.69889,3.0,1.0,1.0,1.0
109.9999,3.42,0.06395,3.0,0.0,0.0,0.0
169.9999,4.026669999999998,0.34647,3.0,0.0,1.0,1.0
179.9999,4.06,0.38788,3.0,0.0,1.0,1.0
189.9999,3.98,0.36252,3.0,0.0,0.0,1.0
199.9999,4.04,0.31981,3.0,0.0,1.0,1.0
219.9999,4.25333,0.41145,3.0,0.0,1.0,1.0
239.9999,4.13333,0.36124,3.0,0.0,1.0,1.0
249.9999,4.24667,0.40574,3.0,0.0,1.0,1.0
269.9999,4.13333,0.3626,3.0,1.0,1.0,1.0
279.9999,4.24,0.3892,3.0,1.0,1.0,1.0
289.9999,4.19333,0.35606,3.0,0.0,1.0,1.0
299.9999,4.2,0.41285,3.0,1.0,1.0,1.0
319.9999,4.37333,0.48224,3.0,1.0,1.0,1.0
349.9999,4.38667,0.53828,3.0,1.0,1.0,1.0
359.9999,4.44,0.47877,3.0,1.0,1.0,1.0
379.9999,4.40667,0.54727,3.0,1.0,1.0,1.0
389.9999,4.46667,0.59046,3.0,1.0,1.0,1.0
419.9999,4.526669999999998,0.5733699999999999,3.0,1.0,1.0,1.0
429.9999,4.62,0.64193,3.0,1.0,1.0,1.0
449.9999,4.75333,0.63294,3.0,1.0,1.0,1.0
459.9999,4.473330000000002,0.5956899999999999,3.0,1.0,1.0,1.0
469.9999,4.6466699999999985,0.5955199999999999,3.0,1.0,1.0,1.0
479.9999,4.67333,0.6593,3.0,1.0,1.0,1.0
489.9999,4.61333,0.63798,3.0,1.0,1.0,1.0
509.9999,4.55333,0.59985,3.0,1.0,1.0,1.0
559.9999,4.62,0.6082,3.0,1.0,1.0,1.0
569.9999,4.6,0.64599,3.0,1.0,1.0,1.0
589.9999,4.66,0.60653,3.0,1.0,1.0,1.0
619.9999,4.71333,0.63894,3.0,1.0,1.0,1.0
629.9999,4.6,0.6354,3.0,1.0,1.0,1.0
659.9999,4.76,0.66276,3.0,1.0,1.0,1.0
669.9999,4.7733300000000005,0.67871,3.0,1.0,1.0,1.0
679.9999,4.95333,0.74062,3.0,1.0,1.0,1.0
699.9999,4.6466699999999985,0.6523,3.0,1.0,1.0,1.0
729.9999,4.70667,0.65392,3.0,1.0,1.0,1.0
739.9999,4.55333,0.6532100000000001,3.0,1.0,1.0,1.0
759.9999,4.55333,0.62667,3.0,1.0,1.0,1.0
779.9999,4.54,0.6096,3.0,1.0,1.0,1.0
809.9999,4.66,0.67499,3.0,1.0,1.0,1.0
859.9999,4.59333,0.65964,3.0,1.0,1.0,1.0
99.9999,3.26667,0.11858,3.0,0.0,0.0,0.0
169.9999,3.72,0.12415,3.0,0.0,0.0,0.0
179.9999,3.76667,0.08236,3.0,0.0,0.0,1.0
189.9999,3.82,0.11528,3.0,0.0,0.0,1.0
219.9999,3.84667,0.12136,3.0,0.0,0.0,1.0
229.9999,3.77333,0.13382,3.0,0.0,0.0,1.0
249.9999,3.92667,0.11712,3.0,0.0,0.0,1.0
269.9999,3.98667,0.08755,3.0,0.0,0.0,1.0
279.9999,4.12,0.02239,3.0,0.0,1.0,1.0
299.9999,4.08667,0.0748,3.0,0.0,1.0,1.0
309.9999,4.04,0.1765,3.0,0.0,1.0,1.0
339.9999,4.28667,0.29097,3.0,0.0,1.0,1.0
359.9999,4.21333,0.30523,3.0,1.0,1.0,1.0
369.9999,4.2,0.31289,3.0,0.0,1.0,1.0
379.9999,4.24,0.37646,3.0,1.0,1.0,1.0
389.9999,4.30667,0.4068,3.0,1.0,1.0,1.0
399.9999,4.38,0.44208,3.0,1.0,1.0,1.0
439.9999,4.62667,0.43563,3.0,1.0,1.0,1.0
489.9999,4.52,0.45002,3.0,1.0,1.0,1.0
529.9999,4.57333,0.45225,3.0,1.0,1.0,1.0
549.9999,4.34,0.38368,3.0,1.0,1.0,1.0
569.9999,4.42667,0.44443,3.0,1.0,1.0,1.0
589.9999,4.4333300000000015,0.45937,3.0,1.0,1.0,1.0
619.9999,4.44,0.43438,3.0,1.0,1.0,1.0
629.9999,4.38,0.41135,3.0,1.0,1.0,1.0
649.9999,4.68667,0.35707,3.0,1.0,1.0,1.0
669.9999,4.58,0.41392,3.0,1.0,1.0,1.0
679.9999,4.49333,0.44799,3.0,1.0,1.0,1.0
749.9999,4.486669999999998,0.5834,3.0,1.0,1.0,1.0
779.9999,4.61333,0.60618,3.0,1.0,1.0,1.0
799.9999,4.53333,0.5916899999999999,3.0,1.0,1.0,1.0
819.9999,4.54667,0.60069,3.0,1.0,1.0,1.0
829.9999,4.6,0.62683,3.0,1.0,1.0,1.0
849.9999,4.59333,0.6547,3.0,1.0,1.0,1.0
879.9999,4.54667,0.61929,3.0,1.0,1.0,1.0
99.9999,3.43333,0.19753,3.0,0.0,0.0,1.0
109.9999,3.5333300000000003,0.19066,3.0,0.0,0.0,0.0
119.9999,3.44667,0.17693,3.0,0.0,0.0,1.0
129.9999,3.62,0.20454,3.0,0.0,0.0,1.0
139.9999,3.96,0.26905,3.0,0.0,0.0,1.0
149.9999,3.94667,0.28989000000000004,3.0,0.0,0.0,1.0
179.9999,3.80667,0.30193000000000003,3.0,0.0,0.0,1.0
209.9999,3.92667,0.38798,3.0,0.0,0.0,1.0
229.9999,4.18667,0.4005,3.0,0.0,1.0,1.0
239.9999,4.28,0.42845,3.0,0.0,1.0,1.0
289.9999,4.28,0.44685,3.0,0.0,1.0,1.0
299.9999,4.22,0.4677,3.0,1.0,1.0,1.0
329.9999,4.2333300000000005,0.4528,3.0,1.0,1.0,1.0
349.9999,4.17333,0.43989,3.0,1.0,1.0,1.0
359.9999,4.32667,0.41163,3.0,1.0,1.0,1.0
369.9999,4.34667,0.51051,3.0,1.0,1.0,1.0
379.9999,4.3133300000000006,0.43429,3.0,1.0,1.0,1.0
419.9999,4.48,0.5484100000000001,3.0,1.0,1.0,1.0
439.9999,4.44667,0.49615,3.0,1.0,1.0,1.0
449.9999,4.526669999999998,0.5687,3.0,1.0,1.0,1.0
459.9999,4.42667,0.556,3.0,1.0,1.0,1.0
469.9999,4.44667,0.56662,3.0,1.0,1.0,1.0
479.9999,4.44,0.57626,3.0,1.0,1.0,1.0
489.9999,4.37333,0.5663199999999999,3.0,1.0,1.0,1.0
509.9999,4.53333,0.52365,3.0,1.0,1.0,1.0
519.9999,4.486669999999998,0.50608,3.0,1.0,1.0,1.0
529.9999,4.4333300000000015,0.45894,3.0,1.0,1.0,1.0
539.9999,4.37333,0.51166,3.0,1.0,1.0,1.0
549.9999,4.50667,0.5011,3.0,1.0,1.0,1.0
569.9999,4.38667,0.5593100000000001,3.0,1.0,1.0,1.0
579.9999,4.55333,0.5930300000000001,3.0,1.0,1.0,1.0
639.9999,4.6,0.56808,3.0,1.0,1.0,1.0
649.9999,4.67333,0.57518,3.0,1.0,1.0,1.0
659.9999,4.5666699999999985,0.59336,3.0,1.0,1.0,1.0
669.9999,4.69333,0.6332899999999999,3.0,1.0,1.0,1.0
679.9999,4.69333,0.63536,3.0,1.0,1.0,1.0
689.9999,4.61333,0.60444,3.0,1.0,1.0,1.0
699.9999,4.7,0.6037100000000001,3.0,1.0,1.0,1.0
719.9999,4.6066699999999985,0.63915,3.0,1.0,1.0,1.0
739.9999,4.75333,0.68233,3.0,1.0,1.0,1.0
749.9999,4.78667,0.6955399999999999,3.0,1.0,1.0,1.0
779.9999,4.65333,0.6594899999999999,3.0,1.0,1.0,1.0
789.9999,4.513330000000002,0.63688,3.0,1.0,1.0,1.0
819.9999,4.74,0.66142,3.0,1.0,1.0,1.0
839.9999,4.6466699999999985,0.68301,3.0,1.0,1.0,1.0
859.9999,4.68,0.66297,3.0,1.0,1.0,1.0
869.9999,4.68667,0.66827,3.0,1.0,1.0,1.0
879.9999,4.8,0.65927,3.0,1.0,1.0,1.0
899.9999,4.63333,0.63742,3.0,1.0,1.0,1.0
149.9999,4.11333,0.16295,3.0,0.0,1.0,1.0
169.9999,4.16667,0.16033,3.0,0.0,1.0,1.0
179.9999,4.34667,0.10233,3.0,0.0,1.0,1.0
189.9999,4.22,0.12286,3.0,0.0,1.0,1.0
209.9999,4.36667,0.17027,3.0,0.0,1.0,1.0
219.9999,4.55333,0.21428000000000005,3.0,1.0,1.0,1.0
239.9999,4.58,0.20093,3.0,1.0,1.0,1.0
259.9999,4.61333,0.24474,3.0,1.0,1.0,1.0
269.9999,4.526669999999998,0.19573,3.0,1.0,1.0,1.0
279.9999,4.7,0.19446,3.0,1.0,1.0,1.0
309.9999,4.58,0.20151,3.0,1.0,1.0,1.0
319.9999,4.41333,0.1805,3.0,1.0,1.0,1.0
329.9999,4.33333,0.23706,3.0,1.0,1.0,1.0
349.9999,4.55333,0.21716,3.0,1.0,1.0,1.0
359.9999,4.54,0.23414,3.0,1.0,1.0,1.0
379.9999,4.46,0.32424000000000003,3.0,1.0,1.0,1.0
389.9999,4.42,0.36647,3.0,1.0,1.0,1.0
399.9999,4.48,0.36284,3.0,1.0,1.0,1.0
409.9999,4.58,0.33054,3.0,1.0,1.0,1.0
419.9999,4.513330000000002,0.34885,3.0,1.0,1.0,1.0
429.9999,4.59333,0.37467,3.0,1.0,1.0,1.0
449.9999,4.6,0.34109,3.0,1.0,1.0,1.0
459.9999,4.5,0.36881,3.0,1.0,1.0,1.0
499.9999,4.5,0.40133,3.0,1.0,1.0,1.0
509.9999,4.44667,0.39149,3.0,1.0,1.0,1.0
529.9999,4.50667,0.45341,3.0,1.0,1.0,1.0
559.9999,4.46667,0.5103,3.0,1.0,1.0,1.0
589.9999,4.63333,0.5246,3.0,1.0,1.0,1.0
599.9999,4.7733300000000005,0.5142399999999999,3.0,1.0,1.0,1.0
639.9999,4.92,0.69904,3.0,1.0,1.0,1.0
649.9999,4.87333,0.67137,3.0,1.0,1.0,1.0
679.9999,4.98,0.74024,3.0,1.0,1.0,1.0
719.9999,4.78,0.69723,3.0,1.0,1.0,1.0
729.9999,4.78667,0.6893100000000001,3.0,1.0,1.0,1.0
739.9999,4.75333,0.66537,3.0,1.0,1.0,1.0
749.9999,4.72667,0.6845399999999999,3.0,1.0,1.0,1.0
779.9999,4.87333,0.7156399999999999,3.0,1.0,1.0,1.0
799.9999,4.96,0.72895,3.0,1.0,1.0,1.0
809.9999,5.013330000000002,0.75579,3.0,1.0,1.0,1.0
819.9999,4.88667,0.7035100000000001,3.0,1.0,1.0,1.0
839.9999,4.88,0.73285,3.0,1.0,1.0,1.0
849.9999,4.94667,0.69733,3.0,1.0,1.0,1.0
869.9999,4.92,0.70397,3.0,1.0,1.0,1.0
889.9999,4.9333300000000015,0.72909,3.0,1.0,1.0,1.0
899.9999,4.96,0.7317899999999999,3.0,1.0,1.0,1.0
139.9999,3.70667,0.23671,3.0,0.0,0.0,1.0
149.9999,3.86667,0.28058,3.0,0.0,0.0,1.0
169.9999,4.0666699999999985,0.20035,3.0,0.0,1.0,1.0
179.9999,3.98,0.24863,3.0,0.0,0.0,1.0
189.9999,4.03333,0.23425,3.0,0.0,1.0,1.0
199.9999,3.96,0.20604,3.0,0.0,0.0,1.0
209.9999,4.08667,0.22033000000000005,3.0,0.0,1.0,1.0
219.9999,4.2333300000000005,0.19406,3.0,0.0,1.0,1.0
249.9999,4.13333,0.2965,3.0,0.0,1.0,1.0
259.9999,4.25333,0.26953,3.0,0.0,1.0,1.0
269.9999,4.2733300000000005,0.3002,3.0,1.0,1.0,1.0
299.9999,4.36,0.34178000000000003,3.0,0.0,1.0,1.0
319.9999,4.29333,0.34033,3.0,1.0,1.0,1.0
329.9999,4.46667,0.28889000000000004,3.0,1.0,1.0,1.0
359.9999,4.26667,0.30394,3.0,1.0,1.0,1.0
419.9999,4.36667,0.4198,3.0,1.0,1.0,1.0
459.9999,4.42,0.48259,3.0,1.0,1.0,1.0
489.9999,4.44667,0.49417,3.0,1.0,1.0,1.0
539.9999,4.42,0.48315,3.0,1.0,1.0,1.0
549.9999,4.486669999999998,0.4777,3.0,1.0,1.0,1.0
559.9999,4.4333300000000015,0.4876,3.0,1.0,1.0,1.0
579.9999,4.3533300000000015,0.52698,3.0,1.0,1.0,1.0
599.9999,4.486669999999998,0.48299,3.0,1.0,1.0,1.0
619.9999,4.486669999999998,0.44728,3.0,1.0,1.0,1.0
629.9999,4.38667,0.53291,3.0,1.0,1.0,1.0
639.9999,4.7,0.54085,3.0,1.0,1.0,1.0
649.9999,4.72,0.5431199999999999,3.0,1.0,1.0,1.0
659.9999,4.63333,0.55523,3.0,1.0,1.0,1.0
669.9999,4.44667,0.5476,3.0,1.0,1.0,1.0
679.9999,4.55333,0.53256,3.0,1.0,1.0,1.0
689.9999,4.473330000000002,0.57568,3.0,1.0,1.0,1.0
719.9999,4.53333,0.5624899999999999,3.0,1.0,1.0,1.0
729.9999,4.57333,0.6047399999999999,3.0,1.0,1.0,1.0
739.9999,4.57333,0.57285,3.0,1.0,1.0,1.0
759.9999,4.64,0.61132,3.0,1.0,1.0,1.0
779.9999,4.58,0.62578,3.0,1.0,1.0,1.0
799.9999,4.62,0.58865,3.0,1.0,1.0,1.0
809.9999,4.50667,0.5644399999999999,3.0,1.0,1.0,1.0
829.9999,4.61333,0.57724,3.0,1.0,1.0,1.0
839.9999,4.66667,0.6233,3.0,1.0,1.0,1.0
849.9999,4.65333,0.6532100000000001,3.0,1.0,1.0,1.0
859.9999,4.69333,0.67815,3.0,1.0,1.0,1.0
869.9999,4.8133300000000006,0.73511,3.0,1.0,1.0,1.0
